1,1,878.48,638.69,62.42999999999995,62.8599999999999,1,1,1.0
1,2,794.87,700.46,36.67999999999995,17.67999999999995,1,1,1.0
1,3,796.2,662.7,34.68999999999994,33.6099999999999,1,1,1.0
2,1,878.5,635.84,62.440000000000055,62.870000000000005,1,1,1.0
2,2,794.82,697.61,36.66999999999996,17.68999999999994,1,1,1.0
2,3,796.23,659.91,34.69999999999993,33.620000000000005,1,1,1.0
3,1,878.53,633.0,62.430000000000064,62.870000000000005,1,1,1.0
3,2,794.76,694.77,36.66999999999996,17.680000000000064,1,1,1.0
3,3,796.27,657.13,34.690000000000055,33.610000000000014,1,1,1.0
4,1,878.55,630.16,62.440000000000055,62.870000000000005,1,1,1.0
4,2,794.7,691.92,36.67999999999995,17.680000000000064,1,1,1.0
4,3,796.3,654.34,34.700000000000045,33.620000000000005,1,1,1.0
5,1,878.58,627.32,62.42999999999995,62.870000000000005,1,1,1.0
5,2,794.65,689.07,36.67000000000007,17.67999999999995,1,1,1.0
5,3,796.34,651.56,34.68999999999994,33.610000000000014,1,1,1.0
6,1,878.6,624.47,62.43999999999994,62.870000000000005,1,1,1.0
6,2,794.59,686.22,36.66999999999996,17.68999999999994,1,1,1.0
6,3,796.37,648.77,34.68999999999994,33.620000000000005,1,1,1.0
7,1,878.63,621.63,62.42999999999995,62.870000000000005,1,1,1.0
7,2,794.54,683.38,36.67000000000007,17.67999999999995,1,1,1.0
7,3,796.41,645.98,34.690000000000055,33.620000000000005,1,1,1.0
8,1,878.65,618.79,62.440000000000055,62.870000000000005,1,1,1.0
8,2,794.48,680.53,36.66999999999996,17.680000000000064,1,1,1.0
8,3,796.44,643.2,34.68999999999994,33.6099999999999,1,1,1.0
9,1,878.68,615.95,62.430000000000064,62.870000000000005,1,1,1.0
9,2,794.42,677.68,36.680000000000064,17.680000000000064,1,1,1.0
9,3,796.48,640.41,34.68999999999994,33.620000000000005,1,1,1.0
10,1,878.71,613.11,62.42999999999995,62.860000000000014,1,1,1.0
10,2,794.37,674.83,36.66999999999996,17.67999999999995,1,1,1.0
10,3,796.51,637.63,34.690000000000055,33.610000000000014,1,1,1.0
11,1,878.51,608.11,62.430000000000064,62.870000000000005,1,1,1.0
11,2,794.31,669.98,36.67000000000007,17.67999999999995,1,1,1.0
11,3,796.4,632.46,34.690000000000055,33.620000000000005,1,1,1.0
12,1,878.31,603.11,62.430000000000064,62.870000000000005,1,1,1.0
12,2,794.25,665.12,36.67999999999995,17.68999999999994,1,1,1.0
12,3,796.28,627.3,34.690000000000055,33.610000000000014,1,1,1.0
13,1,878.11,598.11,62.42999999999995,62.870000000000005,1,1,1.0
13,2,794.2,660.27,36.66999999999996,17.680000000000064,1,1,1.0
13,3,796.17,622.13,34.690000000000055,33.620000000000005,1,1,1.0
14,1,877.91,593.12,62.430000000000064,62.860000000000014,1,1,1.0
14,2,794.14,655.42,36.66999999999996,17.680000000000064,1,1,1.0
14,3,796.05,616.97,34.700000000000045,33.610000000000014,1,1,1.0
15,1,877.72,588.12,62.42999999999995,62.870000000000005,1,1,1.0
15,2,794.08,650.56,36.67999999999995,17.680000000000064,1,1,1.0
15,3,795.94,611.8,34.68999999999994,33.620000000000005,1,1,1.0
16,1,877.52,583.12,62.430000000000064,62.870000000000005,1,1,1.0
16,2,794.03,645.71,36.67000000000007,17.67999999999995,1,1,1.0
16,3,795.83,606.64,34.68999999999994,33.610000000000014,1,1,1.0
17,1,877.32,578.12,62.42999999999995,62.870000000000005,1,1,1.0
17,2,793.97,640.85,36.66999999999996,17.67999999999995,1,1,1.0
17,3,795.71,601.48,34.68999999999994,33.610000000000014,1,1,1.0
18,1,877.12,576.66,62.43999999999994,62.870000000000005,1,1,1.0
18,2,793.67,639.33,36.67000000000007,17.67999999999995,1,1,1.0
18,3,795.31,600.1,34.700000000000045,33.610000000000014,1,1,1.0
19,1,876.93,575.2,62.430000000000064,62.870000000000005,1,1,1.0
19,2,793.37,637.81,36.66999999999996,17.680000000000064,1,1,1.0
19,3,794.92,598.72,34.690000000000055,33.610000000000014,1,1,1.0
20,1,876.74,573.74,62.42999999999995,62.870000000000005,1,1,1.0
20,2,793.07,636.29,36.66999999999996,17.680000000000064,1,1,1.0
20,3,794.52,597.34,34.690000000000055,33.610000000000014,1,1,1.0
21,1,876.54,572.29,62.430000000000064,62.860000000000014,1,1,1.0
21,2,792.77,634.76,36.67000000000007,17.680000000000064,1,1,1.0
21,3,794.12,595.96,34.68999999999994,33.620000000000005,1,1,1.0
22,1,876.35,570.83,62.42999999999995,62.860000000000014,1,1,1.0
22,2,792.47,633.24,36.66999999999996,17.67999999999995,1,1,1.0
22,3,793.72,594.58,34.68999999999994,33.620000000000005,1,1,1.0
23,1,876.15,569.37,62.430000000000064,62.860000000000014,1,1,1.0
23,2,792.16,631.72,36.680000000000064,17.67999999999995,1,1,1.0
23,3,793.33,593.2,34.68999999999994,33.620000000000005,1,1,1.0
24,1,875.96,567.91,62.42999999999995,62.870000000000005,1,1,1.0
24,2,791.86,630.2,36.67999999999995,17.67999999999995,1,1,1.0
24,3,792.93,591.83,34.690000000000055,33.610000000000014,1,1,1.0
25,1,875.29,566.21,62.430000000000064,62.860000000000014,1,1,1.0
25,2,791.17,628.53,36.680000000000064,17.680000000000064,1,1,1.0
25,3,792.35,590.18,34.68999999999994,33.610000000000014,1,1,1.0
26,1,874.62,564.51,62.42999999999995,62.860000000000014,1,1,1.0
26,2,790.49,626.86,36.66999999999996,17.67999999999995,1,1,1.0
26,3,791.76,588.52,34.700000000000045,33.620000000000005,1,1,1.0
27,1,873.95,562.81,62.42999999999995,62.860000000000014,1,1,1.0
27,2,789.8,625.19,36.67000000000007,17.68999999999994,1,1,1.0
27,3,791.18,586.87,34.700000000000045,33.620000000000005,1,1,1.0
28,1,873.28,561.1,62.430000000000064,62.870000000000005,1,1,1.0
28,2,789.11,623.53,36.66999999999996,17.680000000000064,1,1,1.0
28,3,790.6,585.22,34.68999999999994,33.620000000000005,1,1,1.0
29,1,872.61,559.4,62.42999999999995,62.870000000000005,1,1,1.0
29,2,788.42,621.86,36.67000000000007,17.67999999999995,1,1,1.0
29,3,790.02,583.57,34.690000000000055,33.620000000000005,1,1,1.0
30,1,871.94,557.7,62.43999999999994,62.870000000000005,1,1,1.0
30,2,787.73,620.19,36.66999999999996,17.67999999999995,1,1,1.0
30,3,789.44,581.92,34.68999999999994,33.620000000000005,1,1,1.0
31,1,871.28,556.0,62.430000000000064,62.870000000000005,1,1,1.0
31,2,787.04,618.53,36.67000000000007,17.680000000000064,1,1,1.0
31,3,788.86,580.27,34.68999999999994,33.620000000000005,1,1,1.0
32,1,870.61,554.3,62.42999999999995,62.870000000000005,1,1,1.0
32,2,786.35,616.86,36.67999999999995,17.67999999999995,1,1,1.0
32,3,788.28,578.62,34.690000000000055,33.620000000000005,1,1,1.0
33,1,869.94,552.6,62.42999999999995,62.870000000000005,1,1,1.0
33,2,785.66,615.19,36.680000000000064,17.67999999999995,1,1,1.0
33,3,787.7,576.97,34.68999999999994,33.610000000000014,1,1,1.0
34,1,869.27,550.9,62.430000000000064,62.870000000000005,1,1,1.0
34,2,784.97,613.52,36.67999999999995,17.690000000000055,1,1,1.0
34,3,787.11,575.32,34.69999999999993,33.6099999999999,1,1,1.0
35,1,868.6,549.2,62.42999999999995,62.870000000000005,1,1,1.0
35,2,784.29,611.86,36.67000000000007,17.67999999999995,1,1,1.0
35,3,786.53,573.67,34.690000000000055,33.610000000000014,1,1,1.0
36,1,867.93,547.5,62.430000000000064,62.870000000000005,1,1,1.0
36,2,783.6,610.19,36.66999999999996,17.67999999999995,1,1,1.0
36,3,785.95,572.02,34.68999999999994,33.610000000000014,1,1,1.0
37,1,867.46,546.99,62.42999999999995,62.870000000000005,1,1,1.0
37,2,783.17,609.78,36.680000000000064,17.680000000000064,1,1,1.0
37,3,785.37,571.49,34.68999999999994,33.620000000000005,1,1,1.0
38,1,866.99,546.48,62.42999999999995,62.870000000000005,1,1,1.0
38,2,782.75,609.37,36.66999999999996,17.67999999999995,1,1,1.0
38,3,784.79,570.97,34.690000000000055,33.610000000000014,1,1,1.0
39,1,866.52,545.97,62.430000000000064,62.870000000000005,1,1,1.0
39,2,782.32,608.96,36.67999999999995,17.67999999999995,1,1,1.0
39,3,784.21,570.44,34.68999999999994,33.61999999999989,1,1,1.0
40,1,866.05,545.46,62.430000000000064,62.870000000000005,1,1,1.0
40,2,781.9,608.55,36.67000000000007,17.680000000000064,1,1,1.0
40,3,783.63,569.92,34.690000000000055,33.610000000000014,1,1,1.0
41,1,865.58,544.95,62.42999999999995,62.870000000000005,1,1,1.0
41,2,781.48,608.14,36.66999999999996,17.690000000000055,1,1,1.0
41,3,783.04,569.39,34.700000000000045,33.620000000000005,1,1,1.0
42,1,865.11,544.44,62.42999999999995,62.86999999999989,1,1,1.0
42,2,781.05,607.73,36.680000000000064,17.68999999999994,1,1,1.0
42,3,782.46,568.87,34.68999999999994,33.610000000000014,1,1,1.0
43,1,864.64,543.93,62.430000000000064,62.870000000000005,1,1,1.0
43,2,780.63,607.33,36.66999999999996,17.67999999999995,1,1,1.0
43,3,781.88,568.34,34.690000000000055,33.620000000000005,1,1,1.0
44,1,864.61,543.4,62.42999999999995,62.870000000000005,1,1,1.0
44,2,780.6,606.77,36.67999999999995,17.680000000000064,1,1,1.0
44,3,781.87,567.83,34.68999999999994,33.620000000000005,1,1,1.0
45,1,864.58,542.87,62.43999999999994,62.870000000000005,1,1,1.0
45,2,780.58,606.21,36.66999999999996,17.68999999999994,1,1,1.0
45,3,781.85,567.33,34.69999999999993,33.610000000000014,1,1,1.0
46,1,864.56,542.34,62.430000000000064,62.870000000000005,1,1,1.0
46,2,780.56,605.66,36.67000000000007,17.680000000000064,1,1,1.0
46,3,781.84,566.82,34.68999999999994,33.620000000000005,1,1,1.0
47,1,864.53,541.81,62.430000000000064,62.860000000000014,1,1,1.0
47,2,780.53,605.1,36.680000000000064,17.68999999999994,1,1,1.0
47,3,781.83,566.31,34.68999999999994,33.620000000000005,1,1,1.0
48,1,864.5,541.27,62.42999999999995,62.870000000000005,1,1,1.0
48,2,780.51,604.55,36.66999999999996,17.680000000000064,1,1,1.0
48,3,781.81,565.81,34.690000000000055,33.610000000000014,1,1,1.0
49,1,864.47,540.74,62.42999999999995,62.870000000000005,1,1,1.0
49,2,780.48,603.99,36.67999999999995,17.67999999999995,1,1,1.0
49,3,781.8,565.3,34.690000000000055,33.620000000000005,1,1,1.0
50,1,864.44,540.21,62.42999999999995,62.870000000000005,1,1,1.0
50,2,780.46,603.44,36.66999999999996,17.67999999999995,1,1,1.0
50,3,781.78,564.79,34.690000000000055,33.620000000000005,1,1,1.0
51,1,864.41,539.68,62.440000000000055,62.860000000000014,1,1,1.0
51,2,780.44,602.88,36.66999999999996,17.67999999999995,1,1,1.0
51,3,781.77,564.29,34.690000000000055,33.610000000000014,1,1,1.0
52,1,864.39,539.14,62.430000000000064,62.870000000000005,1,1,1.0
52,2,780.41,602.33,36.680000000000064,17.67999999999995,1,1,1.0
52,3,781.75,563.78,34.700000000000045,33.620000000000005,1,1,1.0
53,1,864.36,538.61,62.42999999999995,62.870000000000005,1,1,1.0
53,2,780.39,601.77,36.66999999999996,17.680000000000064,1,1,1.0
53,3,781.74,563.27,34.68999999999994,33.620000000000005,1,1,1.0
54,1,864.33,538.08,62.42999999999995,62.870000000000005,1,1,1.0
54,2,780.36,601.22,36.67999999999995,17.67999999999995,1,1,1.0
54,3,781.73,562.77,34.68999999999994,33.610000000000014,1,1,1.0
55,1,864.3,537.55,62.430000000000064,62.860000000000014,1,1,1.0
55,2,780.34,600.66,36.66999999999996,17.680000000000064,1,1,1.0
55,3,781.71,562.26,34.68999999999994,33.620000000000005,1,1,1.0
56,1,864.56,536.91,62.430000000000064,62.860000000000014,1,1,1.0
56,2,780.66,600.01,36.67000000000007,17.680000000000064,1,1,1.0
56,3,782.0,561.63,34.700000000000045,33.610000000000014,1,1,1.0
57,1,864.83,536.26,62.42999999999995,62.870000000000005,1,1,1.0
57,2,780.98,599.36,36.66999999999996,17.67999999999995,1,1,1.0
57,3,782.3,560.99,34.690000000000055,33.610000000000014,1,1,1.0
58,1,865.09,535.62,62.42999999999995,62.870000000000005,1,1,1.0
58,2,781.29,598.71,36.680000000000064,17.67999999999995,1,1,1.0
58,3,782.59,560.35,34.68999999999994,33.620000000000005,1,1,1.0
59,1,865.35,534.98,62.42999999999995,62.870000000000005,1,1,1.0
59,2,781.61,598.05,36.67999999999995,17.690000000000055,1,1,1.0
59,3,782.88,559.72,34.690000000000055,33.610000000000014,1,1,1.0
60,1,865.61,534.34,62.43999999999994,62.870000000000005,1,1,1.0
60,2,781.93,597.4,36.67000000000007,17.680000000000064,1,1,1.0
60,3,783.17,559.08,34.700000000000045,33.620000000000005,1,1,1.0
61,1,865.88,533.7,62.42999999999995,62.870000000000005,1,1,1.0
61,2,782.25,596.75,36.66999999999996,17.67999999999995,1,1,1.0
61,3,783.47,558.45,34.68999999999994,33.6099999999999,1,1,1.0
62,1,866.14,533.06,62.430000000000064,62.870000000000005,1,1,1.0
62,2,782.57,596.1,36.66999999999996,17.67999999999995,1,1,1.0
62,3,783.76,557.81,34.690000000000055,33.620000000000005,1,1,1.0
63,1,866.4,532.42,62.430000000000064,62.870000000000005,1,1,1.0
63,2,782.88,595.45,36.67999999999995,17.67999999999995,1,1,1.0
63,3,784.05,557.18,34.690000000000055,33.610000000000014,1,1,1.0
64,1,866.66,531.78,62.440000000000055,62.870000000000005,1,1,1.0
64,2,783.2,594.8,36.67999999999995,17.680000000000064,1,1,1.0
64,3,784.34,556.54,34.69999999999993,33.620000000000005,1,1,1.0
65,1,866.93,531.14,62.430000000000064,62.860000000000014,1,1,1.0
65,2,783.52,594.15,36.67000000000007,17.680000000000064,1,1,1.0
65,3,784.64,555.91,34.690000000000055,33.610000000000014,1,1,1.0
66,1,867.19,530.5,62.42999999999995,62.860000000000014,1,1,1.0
66,2,783.84,593.49,36.66999999999996,17.68999999999994,1,1,1.0
66,3,784.93,555.27,34.690000000000055,33.620000000000005,1,1,1.0
67,1,867.45,529.85,62.42999999999995,62.870000000000005,1,1,1.0
67,2,784.16,592.84,36.67000000000007,17.68999999999994,1,1,1.0
67,3,785.22,554.64,34.68999999999994,33.610000000000014,1,1,1.0
68,1,867.72,529.21,62.42999999999995,62.870000000000005,1,1,1.0
68,2,784.47,592.19,36.67999999999995,17.67999999999995,1,1,1.0
68,3,785.51,554.0,34.690000000000055,33.620000000000005,1,1,1.0
69,1,867.98,528.57,62.42999999999995,62.870000000000005,1,1,1.0
69,2,784.79,591.54,36.680000000000064,17.680000000000064,1,1,1.0
69,3,785.81,553.37,34.690000000000055,33.610000000000014,1,1,1.0
70,1,868.24,527.93,62.42999999999995,62.870000000000005,1,1,1.0
70,2,785.11,590.89,36.66999999999996,17.680000000000064,1,1,1.0
70,3,786.1,552.73,34.68999999999994,33.620000000000005,1,1,1.0
71,1,868.5,527.29,62.42999999999995,62.870000000000005,1,1,1.0
71,2,785.43,590.24,36.67000000000007,17.67999999999995,1,1,1.0
71,3,786.39,552.1,34.690000000000055,33.610000000000014,1,1,1.0
72,1,868.77,526.65,62.430000000000064,62.870000000000005,1,1,1.0
72,2,785.75,589.59,36.66999999999996,17.67999999999995,1,1,1.0
72,3,786.68,551.46,34.690000000000055,33.620000000000005,1,1,1.0
73,1,869.03,526.01,62.430000000000064,62.870000000000005,1,1,1.0
73,2,786.07,588.93,36.66999999999996,17.690000000000055,1,1,1.0
73,3,786.98,550.83,34.68999999999994,33.610000000000014,1,1,1.0
74,1,869.29,525.37,62.430000000000064,62.870000000000005,1,1,1.0
74,2,786.38,588.28,36.67999999999995,17.690000000000055,1,1,1.0
74,3,787.27,550.19,34.690000000000055,33.6099999999999,1,1,1.0
75,1,869.55,524.73,62.430000000000064,62.860000000000014,1,1,1.0
75,2,786.7,587.63,36.66999999999996,17.67999999999995,1,1,1.0
75,3,787.56,549.55,34.690000000000055,33.620000000000005,1,1,1.0
76,1,869.82,524.09,62.42999999999995,62.860000000000014,1,1,1.0
76,2,787.02,586.98,36.67000000000007,17.67999999999995,1,1,1.0
76,3,787.85,548.92,34.68999999999994,33.610000000000014,1,1,1.0
77,1,870.08,523.44,62.42999999999995,62.86999999999989,1,1,1.0
77,2,787.34,586.33,36.66999999999996,17.67999999999995,1,1,1.0
77,3,788.14,548.28,34.700000000000045,33.620000000000005,1,1,1.0
78,1,870.34,522.8,62.42999999999995,62.870000000000005,1,1,1.0
78,2,787.66,585.68,36.67000000000007,17.680000000000064,1,1,1.0
78,3,788.44,547.65,34.68999999999994,33.610000000000014,1,1,1.0
79,1,870.6,522.16,62.43999999999994,62.870000000000005,1,1,1.0
79,2,787.97,585.03,36.67999999999995,17.680000000000064,1,1,1.0
79,3,788.73,547.01,34.68999999999994,33.620000000000005,1,1,1.0
80,1,870.87,521.52,62.42999999999995,62.870000000000005,1,1,1.0
80,2,788.29,584.38,36.67000000000007,17.67999999999995,1,1,1.0
80,3,789.02,546.38,34.690000000000055,33.610000000000014,1,1,1.0
81,1,871.13,520.88,62.42999999999995,62.870000000000005,1,1,1.0
81,2,788.61,583.72,36.66999999999996,17.68999999999994,1,1,1.0
81,3,789.31,545.74,34.700000000000045,33.620000000000005,1,1,1.0
82,1,871.39,520.24,62.430000000000064,62.870000000000005,1,1,1.0
82,2,788.93,583.07,36.67000000000007,17.67999999999995,1,1,1.0
82,3,789.61,545.11,34.68999999999994,33.610000000000014,1,1,1.0
83,1,871.65,519.6,62.440000000000055,62.870000000000005,1,1,1.0
83,2,789.25,582.42,36.66999999999996,17.680000000000064,1,1,1.0
83,3,789.9,544.47,34.690000000000055,33.620000000000005,1,1,1.0
84,1,871.92,518.96,62.430000000000064,62.870000000000005,1,1,1.0
84,2,789.56,581.77,36.680000000000064,17.680000000000064,1,1,1.0
84,3,790.19,543.84,34.68999999999994,33.610000000000014,1,1,1.0
85,1,872.18,518.32,62.430000000000064,62.8599999999999,1,1,1.0
85,2,789.88,581.12,36.67999999999995,17.67999999999995,1,1,1.0
85,3,790.48,543.2,34.69999999999993,33.620000000000005,1,1,1.0
86,1,872.44,517.68,62.42999999999995,62.860000000000014,1,1,1.0
86,2,790.2,580.47,36.66999999999996,17.67999999999995,1,1,1.0
86,3,790.78,542.57,34.690000000000055,33.6099999999999,1,1,1.0
87,1,872.65,517.35,62.430000000000064,62.870000000000005,1,1,1.0
87,2,790.2,580.13,36.66999999999996,17.67999999999995,1,1,1.0
87,3,790.94,542.19,34.68999999999994,33.61999999999989,1,1,1.0
88,1,872.86,517.03,62.42999999999995,62.870000000000005,1,1,1.0
88,2,790.2,579.79,36.67999999999995,17.680000000000064,1,1,1.0
88,3,791.1,541.82,34.69999999999993,33.620000000000005,1,1,1.0
89,1,873.06,516.71,62.430000000000064,62.860000000000014,1,1,1.0
89,2,790.2,579.45,36.67999999999995,17.67999999999995,1,1,1.0
89,3,791.27,541.45,34.690000000000055,33.6099999999999,1,1,1.0
90,1,873.27,516.38,62.430000000000064,62.870000000000005,1,1,1.0
90,2,790.21,579.11,36.66999999999996,17.67999999999995,1,1,1.0
90,3,791.43,541.08,34.690000000000055,33.610000000000014,1,1,1.0
91,1,873.48,516.06,62.42999999999995,62.870000000000005,1,1,1.0
91,2,790.21,578.77,36.66999999999996,17.680000000000064,1,1,1.0
91,3,791.6,540.7,34.68999999999994,33.620000000000005,1,1,1.0
92,1,873.68,515.74,62.440000000000055,62.870000000000005,1,1,1.0
92,2,790.21,578.43,36.66999999999996,17.680000000000064,1,1,1.0
92,3,791.76,540.33,34.690000000000055,33.620000000000005,1,1,1.0
93,1,873.27,515.73,62.430000000000064,62.860000000000014,1,1,1.0
93,2,789.82,578.4,36.66999999999996,17.680000000000064,1,1,1.0
93,3,791.3,540.43,34.690000000000055,33.610000000000014,1,1,1.0
94,1,872.85,515.72,62.42999999999995,62.860000000000014,1,1,1.0
94,2,789.43,578.37,36.67000000000007,17.68999999999994,1,1,1.0
94,3,790.84,540.52,34.68999999999994,33.620000000000005,1,1,1.0
95,1,872.43,515.7,62.430000000000064,62.870000000000005,1,1,1.0
95,2,789.04,578.35,36.680000000000064,17.67999999999995,1,1,1.0
95,3,790.38,540.62,34.690000000000055,33.610000000000014,1,1,1.0
96,1,872.02,515.69,62.430000000000064,62.86999999999989,1,1,1.0
96,2,788.65,578.32,36.680000000000064,17.67999999999995,1,1,1.0
96,3,789.92,540.72,34.690000000000055,33.610000000000014,1,1,1.0
97,1,871.6,515.68,62.42999999999995,62.870000000000005,1,1,1.0
97,2,788.27,578.29,36.67000000000007,17.680000000000064,1,1,1.0
97,3,789.46,540.81,34.68999999999994,33.620000000000005,1,1,1.0
98,1,871.18,515.67,62.430000000000064,62.870000000000005,1,1,1.0
98,2,787.88,578.26,36.66999999999996,17.690000000000055,1,1,1.0
98,3,788.99,540.91,34.700000000000045,33.610000000000014,1,1,1.0
99,1,870.76,515.66,62.440000000000055,62.870000000000005,1,1,1.0
99,2,787.49,578.24,36.66999999999996,17.67999999999995,1,1,1.0
99,3,788.53,541.0,34.700000000000045,33.620000000000005,1,1,1.0
100,1,870.35,515.65,62.42999999999995,62.870000000000005,1,1,1.0
100,2,787.1,578.21,36.66999999999996,17.67999999999995,1,1,1.0
100,3,788.07,541.1,34.68999999999994,33.610000000000014,1,1,1.0
101,1,869.93,515.64,62.430000000000064,62.870000000000005,1,1,1.0
101,2,786.71,578.18,36.66999999999996,17.680000000000064,1,1,1.0
101,3,787.61,541.2,34.68999999999994,33.6099999999999,1,1,1.0
102,1,869.51,515.63,62.440000000000055,62.870000000000005,1,1,1.0
102,2,786.32,578.15,36.67999999999995,17.690000000000055,1,1,1.0
102,3,787.15,541.29,34.690000000000055,33.620000000000005,1,1,1.0
103,1,868.75,515.79,62.42999999999995,62.870000000000005,1,1,1.0
103,2,785.51,578.31,36.66999999999996,17.680000000000064,1,1,1.0
103,3,786.38,541.37,34.700000000000045,33.620000000000005,1,1,1.0
104,1,867.99,515.96,62.42999999999995,62.860000000000014,1,1,1.0
104,2,784.69,578.47,36.67999999999995,17.67999999999995,1,1,1.0
104,3,785.62,541.45,34.68999999999994,33.620000000000005,1,1,1.0
105,1,867.22,516.12,62.42999999999995,62.870000000000005,1,1,1.0
105,2,783.88,578.62,36.66999999999996,17.67999999999995,1,1,1.0
105,3,784.85,541.53,34.68999999999994,33.620000000000005,1,1,1.0
106,1,866.46,516.28,62.42999999999995,62.870000000000005,1,1,1.0
106,2,783.07,578.78,36.66999999999996,17.680000000000064,1,1,1.0
106,3,784.08,541.61,34.68999999999994,33.620000000000005,1,1,1.0
107,1,865.69,516.44,62.43999999999994,62.86999999999989,1,1,1.0
107,2,782.25,578.93,36.67999999999995,17.680000000000064,1,1,1.0
107,3,783.31,541.69,34.690000000000055,33.61999999999989,1,1,1.0
108,1,864.93,516.61,62.430000000000064,62.870000000000005,1,1,1.0
108,2,781.44,579.09,36.66999999999996,17.67999999999995,1,1,1.0
108,3,782.54,541.77,34.700000000000045,33.620000000000005,1,1,1.0
109,1,864.17,516.77,62.430000000000064,62.870000000000005,1,1,1.0
109,2,780.62,579.24,36.67999999999995,17.67999999999995,1,1,1.0
109,3,781.78,541.85,34.690000000000055,33.620000000000005,1,1,1.0
110,1,863.4,516.93,62.430000000000064,62.870000000000005,1,1,1.0
110,2,779.81,579.4,36.67000000000007,17.680000000000064,1,1,1.0
110,3,781.01,541.93,34.690000000000055,33.620000000000005,1,1,1.0
111,1,862.64,517.1,62.430000000000064,62.870000000000005,1,1,1.0
111,2,779.0,579.55,36.66999999999996,17.690000000000055,1,1,1.0
111,3,780.24,542.01,34.68999999999994,33.620000000000005,1,1,1.0
112,1,861.88,517.26,62.42999999999995,62.870000000000005,1,1,1.0
112,2,778.18,579.71,36.67000000000007,17.67999999999995,1,1,1.0
112,3,779.47,542.09,34.68999999999994,33.620000000000005,1,1,1.0
113,1,861.11,517.42,62.42999999999995,62.870000000000005,1,1,1.0
113,2,777.37,579.86,36.66999999999996,17.68999999999994,1,1,1.0
113,3,778.7,542.17,34.69999999999993,33.620000000000005,1,1,1.0
114,1,860.35,517.59,62.42999999999995,62.870000000000005,1,1,1.0
114,2,776.55,580.02,36.680000000000064,17.680000000000064,1,1,1.0
114,3,777.94,542.25,34.68999999999994,33.620000000000005,1,1,1.0
115,1,859.58,517.75,62.43999999999994,62.870000000000005,1,1,1.0
115,2,775.74,580.18,36.66999999999996,17.680000000000064,1,1,1.0
115,3,777.17,542.33,34.690000000000055,33.620000000000005,1,1,1.0
116,1,858.82,517.91,62.42999999999995,62.870000000000005,1,1,1.0
116,2,774.92,580.33,36.680000000000064,17.67999999999995,1,1,1.0
116,3,776.4,542.41,34.690000000000055,33.620000000000005,1,1,1.0
117,1,858.06,518.08,62.430000000000064,62.860000000000014,1,1,1.0
117,2,774.11,580.49,36.66999999999996,17.67999999999995,1,1,1.0
117,3,775.63,542.49,34.690000000000055,33.620000000000005,1,1,1.0
118,1,857.29,518.24,62.430000000000064,62.870000000000005,1,1,1.0
118,2,773.3,580.64,36.67000000000007,17.680000000000064,1,1,1.0
118,3,774.86,542.57,34.69999999999993,33.620000000000005,1,1,1.0
119,1,856.53,518.4,62.430000000000064,62.870000000000005,1,1,1.0
119,2,772.48,580.8,36.66999999999996,17.680000000000064,1,1,1.0
119,3,774.1,542.65,34.68999999999994,33.620000000000005,1,1,1.0
120,1,855.77,518.57,62.430000000000064,62.8599999999999,1,1,1.0
120,2,771.67,580.95,36.67000000000007,17.67999999999995,1,1,1.0
120,3,773.33,542.73,34.68999999999994,33.620000000000005,1,1,1.0
121,1,855.0,518.73,62.42999999999995,62.870000000000005,1,1,1.0
121,2,770.85,581.11,36.67999999999995,17.67999999999995,1,1,1.0
121,3,772.56,542.81,34.690000000000055,33.620000000000005,1,1,1.0
122,1,854.06,518.23,62.440000000000055,62.870000000000005,1,1,1.0
122,2,769.97,580.71,36.66999999999996,17.67999999999995,1,1,1.0
122,3,771.65,542.41,34.700000000000045,33.610000000000014,1,1,1.0
123,1,853.13,517.74,62.42999999999995,62.860000000000014,1,1,1.0
123,2,769.09,580.31,36.66999999999996,17.680000000000064,1,1,1.0
123,3,770.75,542.0,34.690000000000055,33.610000000000014,1,1,1.0
124,1,852.19,517.24,62.42999999999995,62.870000000000005,1,1,1.0
124,2,768.2,579.91,36.66999999999996,17.680000000000064,1,1,1.0
124,3,769.84,541.59,34.68999999999994,33.620000000000005,1,1,1.0
125,1,851.25,516.74,62.42999999999995,62.870000000000005,1,1,1.0
125,2,767.32,579.51,36.66999999999996,17.680000000000064,1,1,1.0
125,3,768.93,541.19,34.690000000000055,33.6099999999999,1,1,1.0
126,1,850.31,516.25,62.440000000000055,62.860000000000014,1,1,1.0
126,2,766.43,579.11,36.680000000000064,17.67999999999995,1,1,1.0
126,3,768.03,540.78,34.690000000000055,33.620000000000005,1,1,1.0
127,1,849.38,515.75,62.42999999999995,62.870000000000005,1,1,1.0
127,2,765.55,578.71,36.67000000000007,17.67999999999995,1,1,1.0
127,3,767.12,540.37,34.68999999999994,33.620000000000005,1,1,1.0
128,1,848.44,515.25,62.42999999999995,62.870000000000005,1,1,1.0
128,2,764.67,578.31,36.67000000000007,17.680000000000064,1,1,1.0
128,3,766.21,539.97,34.68999999999994,33.610000000000014,1,1,1.0
129,1,847.5,514.76,62.42999999999995,62.860000000000014,1,1,1.0
129,2,763.78,577.91,36.680000000000064,17.680000000000064,1,1,1.0
129,3,765.31,539.56,34.690000000000055,33.620000000000005,1,1,1.0
130,1,846.56,514.26,62.440000000000055,62.870000000000005,1,1,1.0
130,2,762.9,577.51,36.67000000000007,17.680000000000064,1,1,1.0
130,3,764.4,539.16,34.690000000000055,33.610000000000014,1,1,1.0
131,1,845.63,513.76,62.42999999999995,62.870000000000005,1,1,1.0
131,2,762.02,577.11,36.67000000000007,17.67999999999995,1,1,1.0
131,3,763.49,538.75,34.68999999999994,33.610000000000014,1,1,1.0
132,1,844.69,513.27,62.42999999999995,62.860000000000014,1,1,1.0
132,2,761.13,576.71,36.66999999999996,17.67999999999995,1,1,1.0
132,3,762.59,538.34,34.68999999999994,33.620000000000005,1,1,1.0
133,1,843.75,512.77,62.42999999999995,62.870000000000005,1,1,1.0
133,2,760.25,576.31,36.66999999999996,17.680000000000064,1,1,1.0
133,3,761.68,537.94,34.690000000000055,33.6099999999999,1,1,1.0
134,1,842.81,512.27,62.440000000000055,62.870000000000005,1,1,1.0
134,2,759.36,575.91,36.67999999999995,17.680000000000064,1,1,1.0
134,3,760.77,537.53,34.690000000000055,33.620000000000005,1,1,1.0
135,1,841.88,511.78,62.42999999999995,62.860000000000014,1,1,1.0
135,2,758.48,575.51,36.66999999999996,17.680000000000064,1,1,1.0
135,3,759.86,537.12,34.69999999999993,33.620000000000005,1,1,1.0
136,1,840.94,511.28,62.42999999999995,62.870000000000005,1,1,1.0
136,2,757.6,575.11,36.66999999999996,17.67999999999995,1,1,1.0
136,3,758.96,536.72,34.68999999999994,33.610000000000014,1,1,1.0
137,1,840.79,510.81,62.430000000000064,62.86999999999995,1,1,1.0
137,2,757.45,574.61,36.66999999999996,17.67999999999995,1,1,1.0
137,3,758.69,536.23,34.68999999999994,33.620000000000005,1,1,1.0
138,1,840.64,510.34,62.430000000000064,62.87000000000006,1,1,1.0
138,2,757.3,574.12,36.67000000000007,17.67999999999995,1,1,1.0
138,3,758.42,535.75,34.700000000000045,33.610000000000014,1,1,1.0
139,1,840.48,509.87,62.43999999999994,62.860000000000014,1,1,1.0
139,2,757.15,573.62,36.67000000000007,17.67999999999995,1,1,1.0
139,3,758.16,535.27,34.690000000000055,33.610000000000014,1,1,1.0
140,1,840.33,509.4,62.42999999999995,62.860000000000014,1,1,1.0
140,2,757.0,573.13,36.66999999999996,17.67999999999995,1,1,1.0
140,3,757.89,534.78,34.690000000000055,33.620000000000005,1,1,1.0
141,1,840.18,508.93,62.430000000000064,62.85999999999996,1,1,1.0
141,2,756.85,572.63,36.66999999999996,17.67999999999995,1,1,1.0
141,3,757.62,534.3,34.700000000000045,33.610000000000014,1,1,1.0
142,1,840.03,508.45,62.430000000000064,62.87000000000006,1,1,1.0
142,2,756.7,572.14,36.66999999999996,17.680000000000064,1,1,1.0
142,3,757.36,533.81,34.68999999999994,33.620000000000005,1,1,1.0
143,1,839.88,507.98,62.42999999999995,62.870000000000005,1,1,1.0
143,2,756.55,571.64,36.67000000000007,17.680000000000064,1,1,1.0
143,3,757.09,533.33,34.68999999999994,33.610000000000014,1,1,1.0
144,1,839.72,507.51,62.43999999999994,62.870000000000005,1,1,1.0
144,2,756.4,571.15,36.67000000000007,17.680000000000064,1,1,1.0
144,3,756.82,532.85,34.69999999999993,33.610000000000014,1,1,1.0
145,1,839.57,507.04,62.42999999999995,62.86999999999995,1,1,1.0
145,2,756.25,570.65,36.66999999999996,17.680000000000064,1,1,1.0
145,3,756.56,532.36,34.690000000000055,33.620000000000005,1,1,1.0
146,1,839.42,506.57,62.430000000000064,62.87000000000006,1,1,1.0
146,2,756.1,570.16,36.67999999999995,17.680000000000064,1,1,1.0
146,3,756.29,531.88,34.690000000000055,33.610000000000014,1,1,1.0
147,1,840.1,505.71,62.42999999999995,62.87000000000006,1,1,1.0
147,2,756.95,569.33,36.67999999999995,17.67999999999995,1,1,1.0
147,3,757.08,531.06,34.68999999999994,33.620000000000005,1,1,1.0
148,1,840.78,504.85,62.440000000000055,62.870000000000005,1,1,1.0
148,2,757.8,568.5,36.680000000000064,17.67999999999995,1,1,1.0
148,3,757.87,530.24,34.68999999999994,33.620000000000005,1,1,1.0
149,1,841.47,503.99,62.42999999999995,62.870000000000005,1,1,1.0
149,2,758.66,567.67,36.67000000000007,17.680000000000064,1,1,1.0
149,3,758.66,529.43,34.690000000000055,33.610000000000014,1,1,1.0
150,1,842.15,503.13,62.430000000000064,62.870000000000005,1,1,1.0
150,2,759.51,566.84,36.66999999999996,17.68999999999994,1,1,1.0
150,3,759.45,528.61,34.68999999999994,33.610000000000014,1,1,1.0
151,1,842.83,502.27,62.42999999999995,62.870000000000005,1,1,1.0
151,2,760.36,566.02,36.66999999999996,17.680000000000064,1,1,1.0
151,3,760.24,527.79,34.68999999999994,33.610000000000014,1,1,1.0
152,1,843.51,501.41,62.430000000000064,62.86999999999995,1,1,1.0
152,2,761.21,565.19,36.66999999999996,17.67999999999995,1,1,1.0
152,3,761.03,526.97,34.690000000000055,33.620000000000005,1,1,1.0
153,1,844.19,500.55,62.43999999999994,62.86999999999995,1,1,1.0
153,2,762.06,564.36,36.67000000000007,17.67999999999995,1,1,1.0
153,3,761.82,526.16,34.68999999999994,33.610000000000014,1,1,1.0
154,1,844.88,499.69,62.42999999999995,62.86999999999995,1,1,1.0
154,2,762.91,563.53,36.680000000000064,17.680000000000064,1,1,1.0
154,3,762.61,525.34,34.68999999999994,33.610000000000014,1,1,1.0
155,1,845.56,498.83,62.430000000000064,62.87000000000006,1,1,1.0
155,2,763.76,562.7,36.680000000000064,17.68999999999994,1,1,1.0
155,3,763.39,524.52,34.700000000000045,33.610000000000014,1,1,1.0
156,1,846.24,497.97,62.42999999999995,62.870000000000005,1,1,1.0
156,2,764.61,561.88,36.67999999999995,17.67999999999995,1,1,1.0
156,3,764.18,523.7,34.700000000000045,33.620000000000005,1,1,1.0
157,1,846.92,497.12,62.430000000000064,62.860000000000014,1,1,1.0
157,2,765.47,561.05,36.66999999999996,17.680000000000064,1,1,1.0
157,3,764.97,522.88,34.69999999999993,33.620000000000005,1,1,1.0
158,1,849.18,496.28,62.430000000000064,62.870000000000005,1,1,1.0
158,2,767.23,560.31,36.66999999999996,17.680000000000064,1,1,1.0
158,3,766.93,522.21,34.700000000000045,33.620000000000005,1,1,1.0
159,1,851.44,495.45,62.42999999999995,62.87000000000006,1,1,1.0
159,2,768.99,559.57,36.66999999999996,17.67999999999995,1,1,1.0
159,3,768.9,521.54,34.690000000000055,33.620000000000005,1,1,1.0
160,1,853.7,494.62,62.42999999999995,62.870000000000005,1,1,1.0
160,2,770.75,558.83,36.66999999999996,17.68999999999994,1,1,1.0
160,3,770.86,520.88,34.68999999999994,33.610000000000014,1,1,1.0
161,1,855.96,493.79,62.42999999999995,62.86999999999995,1,1,1.0
161,2,772.51,558.1,36.66999999999996,17.67999999999995,1,1,1.0
161,3,772.82,520.21,34.68999999999994,33.610000000000014,1,1,1.0
162,1,859.69,492.9,62.42999999999995,62.860000000000014,1,1,1.0
162,2,776.18,557.2,36.680000000000064,17.67999999999995,1,1,1.0
162,3,776.55,519.25,34.690000000000055,33.620000000000005,1,1,1.0
163,1,863.42,492.0,62.430000000000064,62.870000000000005,1,1,1.0
163,2,779.86,556.29,36.66999999999996,17.690000000000055,1,1,1.0
163,3,780.27,518.3,34.690000000000055,33.610000000000014,1,1,1.0
164,1,867.15,491.11,62.430000000000064,62.870000000000005,1,1,1.0
164,2,783.53,555.39,36.67000000000007,17.680000000000064,1,1,1.0
164,3,784.0,517.35,34.690000000000055,33.610000000000014,1,1,1.0
165,1,870.88,490.21,62.42999999999995,62.87000000000006,1,1,1.0
165,2,787.21,554.49,36.66999999999996,17.67999999999995,1,1,1.0
165,3,787.73,516.39,34.68999999999994,33.620000000000005,1,1,1.0
166,1,874.61,489.32,62.42999999999995,62.87000000000006,1,1,1.0
166,2,790.88,553.59,36.66999999999996,17.67999999999995,1,1,1.0
166,3,791.46,515.44,34.68999999999994,33.61999999999989,1,1,1.0
167,1,878.34,488.43,62.42999999999995,62.85999999999996,1,1,1.0
167,2,794.55,552.69,36.680000000000064,17.67999999999995,1,1,1.0
167,3,795.18,514.49,34.690000000000055,33.610000000000014,1,1,1.0
168,1,882.07,487.53,62.42999999999995,62.870000000000005,1,1,1.0
168,2,798.23,551.79,36.66999999999996,17.680000000000064,1,1,1.0
168,3,798.91,513.53,34.690000000000055,33.620000000000005,1,1,1.0
169,1,885.8,486.64,62.430000000000064,62.860000000000014,1,1,1.0
169,2,801.9,550.89,36.680000000000064,17.680000000000064,1,1,1.0
169,3,802.64,512.58,34.690000000000055,33.620000000000005,1,1,1.0
170,1,889.53,485.74,62.430000000000064,62.870000000000005,1,1,1.0
170,2,805.58,549.98,36.66999999999996,17.68999999999994,1,1,1.0
170,3,806.37,511.63,34.68999999999994,33.610000000000014,1,1,1.0
171,1,893.26,484.85,62.430000000000064,62.870000000000005,1,1,1.0
171,2,809.25,549.08,36.67999999999995,17.67999999999995,1,1,1.0
171,3,810.09,510.68,34.68999999999994,33.60999999999996,1,1,1.0
172,1,896.99,483.95,62.42999999999995,62.87000000000006,1,1,1.0
172,2,812.93,548.18,36.67000000000007,17.680000000000064,1,1,1.0
172,3,813.82,509.72,34.68999999999994,33.620000000000005,1,1,1.0
173,1,900.72,483.06,62.42999999999995,62.86999999999995,1,1,1.0
173,2,816.6,547.28,36.66999999999996,17.680000000000064,1,1,1.0
173,3,817.55,508.77,34.690000000000055,33.610000000000014,1,1,1.0
174,1,904.45,482.17,62.42999999999995,62.85999999999996,1,1,1.0
174,2,820.28,546.38,36.67000000000007,17.67999999999995,1,1,1.0
174,3,821.28,507.82,34.690000000000055,33.60999999999996,1,1,1.0
175,1,908.18,481.27,62.430000000000064,62.870000000000005,1,1,1.0
175,2,823.95,545.48,36.66999999999996,17.67999999999995,1,1,1.0
175,3,825.0,506.86,34.690000000000055,33.620000000000005,1,1,1.0
176,1,911.91,480.38,62.430000000000064,62.870000000000005,1,1,1.0
176,2,827.63,544.58,36.66999999999996,17.67999999999995,1,1,1.0
176,3,828.73,505.91,34.68999999999994,33.61999999999995,1,1,1.0
177,1,915.64,479.48,62.430000000000064,62.870000000000005,1,1,1.0
177,2,831.3,543.67,36.67000000000007,17.690000000000055,1,1,1.0
177,3,832.46,504.96,34.68999999999994,33.61000000000007,1,1,1.0
178,1,917.38,478.91,62.42999999999995,62.86999999999995,1,1,1.0
178,2,833.11,543.14,36.66999999999996,17.680000000000064,1,1,1.0
178,3,834.28,504.45,34.690000000000055,33.62000000000006,1,1,1.0
179,1,919.12,478.34,62.42999999999995,62.87000000000006,1,1,1.0
179,2,834.91,542.6,36.680000000000064,17.67999999999995,1,1,1.0
179,3,836.1,503.95,34.68999999999994,33.60999999999996,1,1,1.0
180,1,920.86,477.78,62.42999999999995,62.860000000000014,1,1,1.0
180,2,836.72,542.07,36.66999999999996,17.67999999999995,1,1,1.0
180,3,837.92,503.44,34.690000000000055,33.60999999999996,1,1,1.0
181,1,922.6,477.21,62.42999999999995,62.86000000000007,1,1,1.0
181,2,838.53,541.53,36.67000000000007,17.680000000000064,1,1,1.0
181,3,839.74,502.93,34.68999999999994,33.61999999999995,1,1,1.0
182,1,924.34,476.64,62.42999999999995,62.860000000000014,1,1,1.0
182,2,840.34,540.99,36.66999999999996,17.68999999999994,1,1,1.0
182,3,841.56,502.43,34.690000000000055,33.60999999999996,1,1,1.0
183,1,926.08,476.07,62.43999999999994,62.87000000000006,1,1,1.0
183,2,842.14,540.46,36.680000000000064,17.67999999999995,1,1,1.0
183,3,843.37,501.92,34.700000000000045,33.60999999999996,1,1,1.0
184,1,927.83,475.5,62.42999999999995,62.870000000000005,1,1,1.0
184,2,843.95,539.92,36.66999999999996,17.680000000000064,1,1,1.0
184,3,845.19,501.41,34.69999999999993,33.61999999999995,1,1,1.0
185,1,929.57,474.93,62.42999999999995,62.86999999999995,1,1,1.0
185,2,845.76,539.39,36.66999999999996,17.680000000000064,1,1,1.0
185,3,847.01,500.91,34.700000000000045,33.60999999999996,1,1,1.0
186,1,931.31,474.36,62.430000000000064,62.870000000000005,1,1,1.0
186,2,847.56,538.85,36.680000000000064,17.67999999999995,1,1,1.0
186,3,848.83,500.4,34.69999999999993,33.610000000000014,1,1,1.0
187,1,933.05,473.79,62.430000000000064,62.86999999999995,1,1,1.0
187,2,849.37,538.31,36.66999999999996,17.690000000000055,1,1,1.0
187,3,850.65,499.89,34.690000000000055,33.620000000000005,1,1,1.0
188,1,934.79,473.22,62.430000000000064,62.870000000000005,1,1,1.0
188,2,851.18,537.78,36.67000000000007,17.680000000000064,1,1,1.0
188,3,852.47,499.39,34.68999999999994,33.610000000000014,1,1,1.0
189,1,936.53,472.65,62.430000000000064,62.870000000000005,1,1,1.0
189,2,852.99,537.24,36.66999999999996,17.67999999999995,1,1,1.0
189,3,854.29,498.88,34.690000000000055,33.620000000000005,1,1,1.0
190,1,938.27,472.08,62.430000000000064,62.87000000000006,1,1,1.0
190,2,854.79,536.71,36.680000000000064,17.67999999999995,1,1,1.0
190,3,856.11,498.37,34.68999999999994,33.620000000000005,1,1,1.0
191,1,939.07,471.84,62.42999999999995,62.86000000000007,1,1,1.0
191,2,855.78,536.48,36.67000000000007,17.67999999999995,1,1,1.0
191,3,857.0,498.17,34.700000000000045,33.60999999999996,1,1,1.0
192,1,939.87,471.59,62.42999999999995,62.87000000000006,1,1,1.0
192,2,856.77,536.25,36.67000000000007,17.67999999999995,1,1,1.0
192,3,857.9,497.96,34.690000000000055,33.62000000000006,1,1,1.0
193,1,940.67,471.35,62.430000000000064,62.860000000000014,1,1,1.0
193,2,857.75,536.02,36.67999999999995,17.680000000000064,1,1,1.0
193,3,858.79,497.76,34.690000000000055,33.610000000000014,1,1,1.0
194,1,941.47,471.1,62.42999999999995,62.870000000000005,1,1,1.0
194,2,858.74,535.79,36.66999999999996,17.680000000000064,1,1,1.0
194,3,859.68,497.55,34.690000000000055,33.60999999999996,1,1,1.0
195,1,942.27,470.85,62.430000000000064,62.870000000000005,1,1,1.0
195,2,859.73,535.56,36.66999999999996,17.680000000000064,1,1,1.0
195,3,860.57,497.34,34.69999999999993,33.62000000000006,1,1,1.0
196,1,943.07,470.61,62.42999999999995,62.870000000000005,1,1,1.0
196,2,860.71,535.33,36.66999999999996,17.67999999999995,1,1,1.0
196,3,861.47,497.14,34.68999999999994,33.610000000000014,1,1,1.0
197,1,943.87,470.36,62.42999999999995,62.870000000000005,1,1,1.0
197,2,861.7,535.1,36.66999999999996,17.67999999999995,1,1,1.0
197,3,862.36,496.93,34.68999999999994,33.61999999999995,1,1,1.0
198,1,944.66,470.12,62.440000000000055,62.870000000000005,1,1,1.0
198,2,862.68,534.87,36.680000000000064,17.67999999999995,1,1,1.0
198,3,863.25,496.72,34.690000000000055,33.620000000000005,1,1,1.0
199,1,945.46,469.87,62.43999999999994,62.870000000000005,1,1,1.0
199,2,863.67,534.64,36.67000000000007,17.680000000000064,1,1,1.0
199,3,864.14,496.52,34.690000000000055,33.610000000000014,1,1,1.0
200,1,946.26,469.63,62.430000000000064,62.860000000000014,1,1,1.0
200,2,864.66,534.41,36.67000000000007,17.680000000000064,1,1,1.0
200,3,865.04,496.31,34.690000000000055,33.61999999999995,1,1,1.0
201,1,947.06,469.38,62.430000000000064,62.870000000000005,1,1,1.0
201,2,865.64,534.18,36.680000000000064,17.680000000000064,1,1,1.0
201,3,865.93,496.11,34.690000000000055,33.610000000000014,1,1,1.0
202,1,947.86,469.13,62.42999999999995,62.870000000000005,1,1,1.0
202,2,866.63,533.95,36.66999999999996,17.67999999999995,1,1,1.0
202,3,866.82,495.9,34.68999999999994,33.620000000000005,1,1,1.0
203,1,947.87,469.43,62.42999999999995,62.86999999999995,1,1,1.0
203,2,866.34,534.15,36.67999999999995,17.680000000000064,1,1,1.0
203,3,866.74,496.18,34.68999999999994,33.60999999999996,1,1,1.0
204,1,947.88,469.74,62.42999999999995,62.860000000000014,1,1,1.0
204,2,866.06,534.34,36.67000000000007,17.67999999999995,1,1,1.0
204,3,866.66,496.46,34.700000000000045,33.61000000000007,1,1,1.0
205,1,947.89,470.04,62.440000000000055,62.85999999999996,1,1,1.0
205,2,865.77,534.54,36.67000000000007,17.680000000000064,1,1,1.0
205,3,866.59,496.74,34.68999999999994,33.610000000000014,1,1,1.0
206,1,947.9,470.34,62.440000000000055,62.86000000000007,1,1,1.0
206,2,865.48,534.73,36.66999999999996,17.67999999999995,1,1,1.0
206,3,866.51,497.02,34.690000000000055,33.610000000000014,1,1,1.0
207,1,947.92,470.64,62.430000000000064,62.860000000000014,1,1,1.0
207,2,865.19,534.92,36.67999999999995,17.690000000000055,1,1,1.0
207,3,866.43,497.3,34.690000000000055,33.60999999999996,1,1,1.0
208,1,947.93,470.94,62.430000000000064,62.85999999999996,1,1,1.0
208,2,864.91,535.12,36.67000000000007,17.67999999999995,1,1,1.0
208,3,866.35,497.57,34.68999999999994,33.62000000000006,1,1,1.0
209,1,947.94,471.24,62.42999999999995,62.860000000000014,1,1,1.0
209,2,864.62,535.31,36.66999999999996,17.690000000000055,1,1,1.0
209,3,866.27,497.85,34.690000000000055,33.620000000000005,1,1,1.0
210,1,947.95,471.54,62.42999999999995,62.85999999999996,1,1,1.0
210,2,864.33,535.51,36.66999999999996,17.680000000000064,1,1,1.0
210,3,866.19,498.13,34.69999999999993,33.620000000000005,1,1,1.0
211,1,947.46,471.6,62.42999999999995,62.870000000000005,1,1,1.0
211,2,863.86,535.59,36.66999999999996,17.67999999999995,1,1,1.0
211,3,865.7,498.17,34.68999999999994,33.60999999999996,1,1,1.0
212,1,946.97,471.66,62.42999999999995,62.86999999999995,1,1,1.0
212,2,863.38,535.66,36.66999999999996,17.680000000000064,1,1,1.0
212,3,865.21,498.2,34.68999999999994,33.60999999999996,1,1,1.0
213,1,946.48,471.73,62.42999999999995,62.860000000000014,1,1,1.0
213,2,862.91,535.74,36.67000000000007,17.67999999999995,1,1,1.0
213,3,864.72,498.23,34.68999999999994,33.620000000000005,1,1,1.0
214,1,945.98,471.79,62.43999999999994,62.86999999999995,1,1,1.0
214,2,862.43,535.81,36.67000000000007,17.690000000000055,1,1,1.0
214,3,864.22,498.27,34.68999999999994,33.610000000000014,1,1,1.0
215,1,945.49,471.85,62.43999999999994,62.870000000000005,1,1,1.0
215,2,861.96,535.89,36.66999999999996,17.680000000000064,1,1,1.0
215,3,863.73,498.3,34.68999999999994,33.60999999999996,1,1,1.0
216,1,945.0,471.92,62.42999999999995,62.85999999999996,1,1,1.0
216,2,861.48,535.97,36.66999999999996,17.67999999999995,1,1,1.0
216,3,863.24,498.33,34.68999999999994,33.62000000000006,1,1,1.0
217,1,944.51,471.98,62.430000000000064,62.870000000000005,1,1,1.0
217,2,861.01,536.04,36.66999999999996,17.680000000000064,1,1,1.0
217,3,862.74,498.37,34.68999999999994,33.610000000000014,1,1,1.0
218,1,944.02,472.04,62.430000000000064,62.86999999999995,1,1,1.0
218,2,860.53,536.12,36.67000000000007,17.67999999999995,1,1,1.0
218,3,862.25,498.4,34.690000000000055,33.610000000000014,1,1,1.0
219,1,943.53,472.11,62.430000000000064,62.860000000000014,1,1,1.0
219,2,860.06,536.19,36.67000000000007,17.68999999999994,1,1,1.0
219,3,861.76,498.43,34.690000000000055,33.61999999999995,1,1,1.0
220,1,943.04,472.17,62.430000000000064,62.86999999999995,1,1,1.0
220,2,859.58,536.27,36.67999999999995,17.680000000000064,1,1,1.0
220,3,861.26,498.47,34.700000000000045,33.610000000000014,1,1,1.0
221,1,942.55,472.23,62.430000000000064,62.870000000000005,1,1,1.0
221,2,859.11,536.35,36.66999999999996,17.67999999999995,1,1,1.0
221,3,860.77,498.5,34.690000000000055,33.610000000000014,1,1,1.0
222,1,942.06,472.3,62.430000000000064,62.85999999999996,1,1,1.0
222,2,858.63,536.42,36.67999999999995,17.690000000000055,1,1,1.0
222,3,860.28,498.53,34.690000000000055,33.620000000000005,1,1,1.0
223,1,941.57,472.36,62.42999999999995,62.870000000000005,1,1,1.0
223,2,858.16,536.5,36.67000000000007,17.67999999999995,1,1,1.0
223,3,859.79,498.57,34.690000000000055,33.60999999999996,1,1,1.0
224,1,941.08,472.42,62.42999999999995,62.86999999999995,1,1,1.0
224,2,857.68,536.58,36.680000000000064,17.67999999999995,1,1,1.0
224,3,859.29,498.6,34.690000000000055,33.610000000000014,1,1,1.0
225,1,940.59,472.49,62.42999999999995,62.860000000000014,1,1,1.0
225,2,857.21,536.65,36.66999999999996,17.680000000000064,1,1,1.0
225,3,858.8,498.63,34.690000000000055,33.620000000000005,1,1,1.0
226,1,940.1,472.55,62.42999999999995,62.86999999999995,1,1,1.0
226,2,856.73,536.73,36.67999999999995,17.67999999999995,1,1,1.0
226,3,858.31,498.67,34.690000000000055,33.60999999999996,1,1,1.0
227,1,939.61,472.61,62.42999999999995,62.870000000000005,1,1,1.0
227,2,856.26,536.8,36.66999999999996,17.690000000000055,1,1,1.0
227,3,857.81,498.7,34.690000000000055,33.60999999999996,1,1,1.0
228,1,939.12,472.68,62.42999999999995,62.85999999999996,1,1,1.0
228,2,855.78,536.88,36.680000000000064,17.67999999999995,1,1,1.0
228,3,857.32,498.73,34.68999999999994,33.620000000000005,1,1,1.0
229,1,938.62,472.74,62.43999999999994,62.870000000000005,1,1,1.0
229,2,855.31,536.96,36.67000000000007,17.67999999999995,1,1,1.0
229,3,856.83,498.76,34.68999999999994,33.620000000000005,1,1,1.0
230,1,938.13,472.8,62.440000000000055,62.86999999999995,1,1,1.0
230,2,854.83,537.03,36.67999999999995,17.680000000000064,1,1,1.0
230,3,856.33,498.8,34.69999999999993,33.60999999999996,1,1,1.0
231,1,937.64,472.87,62.440000000000055,62.860000000000014,1,1,1.0
231,2,854.36,537.11,36.66999999999996,17.67999999999995,1,1,1.0
231,3,855.84,498.83,34.68999999999994,33.62000000000006,1,1,1.0
232,1,937.15,472.93,62.430000000000064,62.86999999999995,1,1,1.0
232,2,853.88,537.18,36.67999999999995,17.690000000000055,1,1,1.0
232,3,855.35,498.86,34.68999999999994,33.620000000000005,1,1,1.0
233,1,936.66,472.99,62.430000000000064,62.870000000000005,1,1,1.0
233,2,853.41,537.26,36.67000000000007,17.680000000000064,1,1,1.0
233,3,854.85,498.9,34.69999999999993,33.610000000000014,1,1,1.0
234,1,936.17,473.06,62.430000000000064,62.86999999999995,1,1,1.0
234,2,852.93,537.34,36.680000000000064,17.67999999999995,1,1,1.0
234,3,854.36,498.93,34.68999999999994,33.61999999999995,1,1,1.0
235,1,935.68,473.12,62.430000000000064,62.870000000000005,1,1,1.0
235,2,852.46,537.41,36.66999999999996,17.680000000000064,1,1,1.0
235,3,853.87,498.96,34.68999999999994,33.62000000000006,1,1,1.0
236,1,935.19,473.18,62.42999999999995,62.86999999999995,1,1,1.0
236,2,851.98,537.49,36.67999999999995,17.67999999999995,1,1,1.0
236,3,853.38,499.0,34.690000000000055,33.610000000000014,1,1,1.0
237,1,934.7,473.25,62.42999999999995,62.870000000000005,1,1,1.0
237,2,851.51,537.57,36.66999999999996,17.67999999999995,1,1,1.0
237,3,852.88,499.03,34.690000000000055,33.620000000000005,1,1,1.0
238,1,934.21,473.31,62.42999999999995,62.86999999999995,1,1,1.0
238,2,851.03,537.64,36.680000000000064,17.680000000000064,1,1,1.0
238,3,852.39,499.06,34.690000000000055,33.61999999999995,1,1,1.0
239,1,933.51,473.07,62.430000000000064,62.85999999999996,1,1,1.0
239,2,850.28,537.28,36.680000000000064,17.690000000000055,1,1,1.0
239,3,851.53,498.77,34.690000000000055,33.620000000000005,1,1,1.0
240,1,932.81,472.82,62.430000000000064,62.87000000000006,1,1,1.0
240,2,849.53,536.93,36.67000000000007,17.680000000000064,1,1,1.0
240,3,850.67,498.48,34.690000000000055,33.620000000000005,1,1,1.0
241,1,932.11,472.57,62.42999999999995,62.87000000000006,1,1,1.0
241,2,848.78,536.57,36.67000000000007,17.67999999999995,1,1,1.0
241,3,849.81,498.19,34.690000000000055,33.61999999999995,1,1,1.0
242,1,931.41,472.33,62.430000000000064,62.87000000000006,1,1,1.0
242,2,848.03,536.21,36.67000000000007,17.67999999999995,1,1,1.0
242,3,848.95,497.9,34.68999999999994,33.620000000000005,1,1,1.0
243,1,930.71,472.08,62.42999999999995,62.87000000000006,1,1,1.0
243,2,847.27,535.85,36.680000000000064,17.68999999999994,1,1,1.0
243,3,848.09,497.61,34.68999999999994,33.620000000000005,1,1,1.0
244,1,930.01,471.84,62.430000000000064,62.87000000000006,1,1,1.0
244,2,846.52,535.5,36.680000000000064,17.67999999999995,1,1,1.0
244,3,847.23,497.32,34.68999999999994,33.62000000000006,1,1,1.0
245,1,928.6,471.59,62.42999999999995,62.87000000000006,1,1,1.0
245,2,845.09,535.39,36.66999999999996,17.680000000000064,1,1,1.0
245,3,845.83,497.21,34.68999999999994,33.62000000000006,1,1,1.0
246,1,927.18,471.35,62.440000000000055,62.870000000000005,1,1,1.0
246,2,843.65,535.28,36.680000000000064,17.680000000000064,1,1,1.0
246,3,844.42,497.1,34.700000000000045,33.610000000000014,1,1,1.0
247,1,925.77,471.1,62.430000000000064,62.870000000000005,1,1,1.0
247,2,842.22,535.17,36.66999999999996,17.680000000000064,1,1,1.0
247,3,843.02,496.99,34.690000000000055,33.610000000000014,1,1,1.0
248,1,924.36,470.86,62.42999999999995,62.870000000000005,1,1,1.0
248,2,840.78,535.06,36.680000000000064,17.680000000000064,1,1,1.0
248,3,841.62,496.88,34.68999999999994,33.610000000000014,1,1,1.0
249,1,922.95,470.61,62.42999999999995,62.870000000000005,1,1,1.0
249,2,839.35,534.95,36.66999999999996,17.68999999999994,1,1,1.0
249,3,840.21,496.77,34.69999999999993,33.610000000000014,1,1,1.0
250,1,921.54,470.37,62.430000000000064,62.860000000000014,1,1,1.0
250,2,837.91,534.84,36.680000000000064,17.68999999999994,1,1,1.0
250,3,838.81,496.65,34.690000000000055,33.620000000000005,1,1,1.0
251,1,920.12,470.12,62.42999999999995,62.870000000000005,1,1,1.0
251,2,836.48,534.74,36.66999999999996,17.67999999999995,1,1,1.0
251,3,837.41,496.54,34.690000000000055,33.61999999999995,1,1,1.0
252,1,918.71,469.88,62.42999999999995,62.860000000000014,1,1,1.0
252,2,835.04,534.63,36.680000000000064,17.67999999999995,1,1,1.0
252,3,836.0,496.43,34.700000000000045,33.61999999999995,1,1,1.0
253,1,916.36,469.63,62.42999999999995,62.870000000000005,1,1,1.0
253,2,832.93,534.26,36.67000000000007,17.680000000000064,1,1,1.0
253,3,833.92,496.07,34.690000000000055,33.60999999999996,1,1,1.0
254,1,914.01,469.39,62.430000000000064,62.860000000000014,1,1,1.0
254,2,830.81,533.9,36.67000000000007,17.680000000000064,1,1,1.0
254,3,831.83,495.7,34.68999999999994,33.60999999999996,1,1,1.0
255,1,911.66,469.14,62.430000000000064,62.870000000000005,1,1,1.0
255,2,828.69,533.53,36.66999999999996,17.690000000000055,1,1,1.0
255,3,829.75,495.33,34.690000000000055,33.62000000000006,1,1,1.0
256,1,909.31,468.89,62.430000000000064,62.870000000000005,1,1,1.0
256,2,826.57,533.17,36.67999999999995,17.680000000000064,1,1,1.0
256,3,827.66,494.96,34.690000000000055,33.62000000000006,1,1,1.0
257,1,906.96,468.65,62.42999999999995,62.870000000000005,1,1,1.0
257,2,824.46,532.81,36.66999999999996,17.680000000000064,1,1,1.0
257,3,825.58,494.6,34.68999999999994,33.610000000000014,1,1,1.0
258,1,904.6,468.4,62.43999999999994,62.870000000000005,1,1,1.0
258,2,822.34,532.44,36.66999999999996,17.67999999999995,1,1,1.0
258,3,823.49,494.23,34.68999999999994,33.620000000000005,1,1,1.0
259,1,902.32,468.38,62.43999999999994,62.870000000000005,1,1,1.0
259,2,819.99,532.4,36.66999999999996,17.680000000000064,1,1,1.0
259,3,821.19,494.2,34.68999999999994,33.60999999999996,1,1,1.0
260,1,900.04,468.35,62.430000000000064,62.870000000000005,1,1,1.0
260,2,817.64,532.36,36.66999999999996,17.67999999999995,1,1,1.0
260,3,818.89,494.16,34.700000000000045,33.60999999999996,1,1,1.0
261,1,897.76,468.33,62.430000000000064,62.87000000000006,1,1,1.0
261,2,815.28,532.31,36.680000000000064,17.690000000000055,1,1,1.0
261,3,816.6,494.12,34.68999999999994,33.620000000000005,1,1,1.0
262,1,895.48,468.3,62.42999999999995,62.86999999999995,1,1,1.0
262,2,812.93,532.27,36.680000000000064,17.680000000000064,1,1,1.0
262,3,814.3,494.09,34.690000000000055,33.61000000000007,1,1,1.0
263,1,893.2,468.28,62.42999999999995,62.870000000000005,1,1,1.0
263,2,810.58,532.23,36.66999999999996,17.67999999999995,1,1,1.0
263,3,812.0,494.05,34.690000000000055,33.61999999999995,1,1,1.0
264,1,890.92,468.25,62.430000000000064,62.870000000000005,1,1,1.0
264,2,808.23,532.19,36.66999999999996,17.67999999999995,1,1,1.0
264,3,809.7,494.02,34.69999999999993,33.610000000000014,1,1,1.0
265,1,888.64,468.23,62.430000000000064,62.860000000000014,1,1,1.0
265,2,805.88,532.15,36.66999999999996,17.680000000000064,1,1,1.0
265,3,807.41,493.98,34.690000000000055,33.620000000000005,1,1,1.0
266,1,886.36,468.2,62.42999999999995,62.87000000000006,1,1,1.0
266,2,803.53,532.1,36.67000000000007,17.68999999999994,1,1,1.0
266,3,805.11,493.95,34.68999999999994,33.60999999999996,1,1,1.0
267,1,884.08,468.18,62.42999999999995,62.85999999999996,1,1,1.0
267,2,801.18,532.06,36.67000000000007,17.680000000000064,1,1,1.0
267,3,802.81,493.91,34.690000000000055,33.61999999999995,1,1,1.0
268,1,881.8,468.15,62.430000000000064,62.870000000000005,1,1,1.0
268,2,798.82,532.02,36.67999999999995,17.680000000000064,1,1,1.0
268,3,800.51,493.88,34.700000000000045,33.610000000000014,1,1,1.0
269,1,879.52,468.12,62.430000000000064,62.870000000000005,1,1,1.0
269,2,796.47,531.98,36.67999999999995,17.67999999999995,1,1,1.0
269,3,798.22,493.84,34.68999999999994,33.62000000000006,1,1,1.0
270,1,877.23,468.1,62.43999999999994,62.870000000000005,1,1,1.0
270,2,794.12,531.94,36.66999999999996,17.67999999999995,1,1,1.0
270,3,795.92,493.81,34.690000000000055,33.60999999999996,1,1,1.0
271,1,874.95,468.07,62.42999999999995,62.87000000000006,1,1,1.0
271,2,791.77,531.89,36.67000000000007,17.690000000000055,1,1,1.0
271,3,793.62,493.77,34.68999999999994,33.620000000000005,1,1,1.0
272,1,872.67,468.05,62.430000000000064,62.86999999999995,1,1,1.0
272,2,789.42,531.85,36.67000000000007,17.67999999999995,1,1,1.0
272,3,791.32,493.74,34.69999999999993,33.610000000000014,1,1,1.0
273,1,870.39,468.02,62.430000000000064,62.870000000000005,1,1,1.0
273,2,787.07,531.81,36.66999999999996,17.680000000000064,1,1,1.0
273,3,789.03,493.7,34.690000000000055,33.60999999999996,1,1,1.0
274,1,869.71,468.14,62.42999999999995,62.860000000000014,1,1,1.0
274,2,786.31,531.9,36.67000000000007,17.690000000000055,1,1,1.0
274,3,788.23,493.75,34.68999999999994,33.620000000000005,1,1,1.0
275,1,869.02,468.25,62.430000000000064,62.870000000000005,1,1,1.0
275,2,785.55,532.0,36.680000000000064,17.67999999999995,1,1,1.0
275,3,787.43,493.81,34.690000000000055,33.60999999999996,1,1,1.0
276,1,868.33,468.36,62.42999999999995,62.870000000000005,1,1,1.0
276,2,784.8,532.09,36.67000000000007,17.67999999999995,1,1,1.0
276,3,786.63,493.86,34.700000000000045,33.620000000000005,1,1,1.0
277,1,867.65,468.47,62.430000000000064,62.870000000000005,1,1,1.0
277,2,784.04,532.18,36.67000000000007,17.690000000000055,1,1,1.0
277,3,785.84,493.92,34.68999999999994,33.60999999999996,1,1,1.0
278,1,866.96,468.59,62.42999999999995,62.87000000000006,1,1,1.0
278,2,783.28,532.28,36.67000000000007,17.680000000000064,1,1,1.0
278,3,785.04,493.97,34.690000000000055,33.620000000000005,1,1,1.0
279,1,866.27,468.7,62.430000000000064,62.87000000000006,1,1,1.0
279,2,782.52,532.37,36.680000000000064,17.67999999999995,1,1,1.0
279,3,784.24,494.03,34.68999999999994,33.610000000000014,1,1,1.0
280,1,864.51,468.81,62.430000000000064,62.86999999999995,1,1,1.0
280,2,780.69,532.57,36.67999999999995,17.67999999999995,1,1,1.0
280,3,782.48,494.19,34.68999999999994,33.60999999999996,1,1,1.0
281,1,862.75,468.93,62.440000000000055,62.85999999999996,1,1,1.0
281,2,778.86,532.77,36.67999999999995,17.690000000000055,1,1,1.0
281,3,780.71,494.35,34.69999999999993,33.610000000000014,1,1,1.0
282,1,860.99,469.04,62.43999999999994,62.86999999999995,1,1,1.0
282,2,777.03,532.98,36.680000000000064,17.67999999999995,1,1,1.0
282,3,778.95,494.51,34.68999999999994,33.610000000000014,1,1,1.0
283,1,859.23,469.15,62.43999999999994,62.870000000000005,1,1,1.0
283,2,775.2,533.18,36.67999999999995,17.680000000000064,1,1,1.0
283,3,777.19,494.67,34.68999999999994,33.61999999999995,1,1,1.0
284,1,857.48,469.26,62.42999999999995,62.870000000000005,1,1,1.0
284,2,773.37,533.38,36.67999999999995,17.67999999999995,1,1,1.0
284,3,775.42,494.83,34.700000000000045,33.62000000000006,1,1,1.0
285,1,855.95,469.34,62.42999999999995,62.87000000000006,1,1,1.0
285,2,771.89,533.5,36.66999999999996,17.67999999999995,1,1,1.0
285,3,773.86,495.01,34.68999999999994,33.620000000000005,1,1,1.0
286,1,854.43,469.42,62.430000000000064,62.86999999999995,1,1,1.0
286,2,770.4,533.63,36.680000000000064,17.67999999999995,1,1,1.0
286,3,772.3,495.2,34.690000000000055,33.60999999999996,1,1,1.0
287,1,852.9,469.5,62.430000000000064,62.860000000000014,1,1,1.0
287,2,768.92,533.75,36.67000000000007,17.67999999999995,1,1,1.0
287,3,770.73,495.38,34.69999999999993,33.610000000000014,1,1,1.0
288,1,851.38,469.57,62.42999999999995,62.87000000000006,1,1,1.0
288,2,767.43,533.87,36.680000000000064,17.68999999999994,1,1,1.0
288,3,769.17,495.56,34.690000000000055,33.60999999999996,1,1,1.0
289,1,849.85,469.65,62.42999999999995,62.870000000000005,1,1,1.0
289,2,765.95,534.0,36.66999999999996,17.67999999999995,1,1,1.0
289,3,767.61,495.74,34.68999999999994,33.620000000000005,1,1,1.0
290,1,848.33,469.73,62.42999999999995,62.870000000000005,1,1,1.0
290,2,764.46,534.12,36.66999999999996,17.67999999999995,1,1,1.0
290,3,766.04,495.92,34.700000000000045,33.61999999999995,1,1,1.0
291,1,846.8,469.8,62.430000000000064,62.86999999999995,1,1,1.0
291,2,762.98,534.25,36.66999999999996,17.67999999999995,1,1,1.0
291,3,764.48,496.11,34.68999999999994,33.610000000000014,1,1,1.0
292,1,845.28,469.88,62.430000000000064,62.870000000000005,1,1,1.0
292,2,761.49,534.37,36.66999999999996,17.67999999999995,1,1,1.0
292,3,762.92,496.29,34.690000000000055,33.60999999999996,1,1,1.0
293,1,843.75,469.96,62.440000000000055,62.87000000000006,1,1,1.0
293,2,760.01,534.49,36.66999999999996,17.68999999999994,1,1,1.0
293,3,761.36,496.47,34.68999999999994,33.610000000000014,1,1,1.0
294,1,842.23,470.04,62.42999999999995,62.85999999999996,1,1,1.0
294,2,758.52,534.62,36.67000000000007,17.67999999999995,1,1,1.0
294,3,759.79,496.65,34.690000000000055,33.620000000000005,1,1,1.0
295,1,840.7,470.11,62.43999999999994,62.870000000000005,1,1,1.0
295,2,757.03,534.74,36.680000000000064,17.67999999999995,1,1,1.0
295,3,758.23,496.83,34.68999999999994,33.62000000000006,1,1,1.0
296,1,839.18,470.19,62.430000000000064,62.86999999999995,1,1,1.0
296,2,755.55,534.87,36.67000000000007,17.67999999999995,1,1,1.0
296,3,756.67,497.01,34.690000000000055,33.620000000000005,1,1,1.0
297,1,838.88,470.27,62.42999999999995,62.860000000000014,1,1,1.0
297,2,755.29,534.99,36.67000000000007,17.67999999999995,1,1,1.0
297,3,756.37,497.11,34.68999999999994,33.610000000000014,1,1,1.0
298,1,838.58,470.34,62.42999999999995,62.87000000000006,1,1,1.0
298,2,755.02,535.11,36.680000000000064,17.68999999999994,1,1,1.0
298,3,756.07,497.2,34.68999999999994,33.62000000000006,1,1,1.0
299,1,838.27,470.42,62.440000000000055,62.86999999999995,1,1,1.0
299,2,754.76,535.24,36.66999999999996,17.67999999999995,1,1,1.0
299,3,755.78,497.3,34.690000000000055,33.60999999999996,1,1,1.0
300,1,837.97,470.5,62.42999999999995,62.870000000000005,1,1,1.0
300,2,754.5,535.36,36.66999999999996,17.67999999999995,1,1,1.0
300,3,755.48,497.39,34.68999999999994,33.620000000000005,1,1,1.0
301,1,837.67,470.57,62.430000000000064,62.87000000000006,1,1,1.0
301,2,754.24,535.49,36.66999999999996,17.67999999999995,1,1,1.0
301,3,755.18,497.49,34.690000000000055,33.610000000000014,1,1,1.0
302,1,837.37,470.65,62.42999999999995,62.870000000000005,1,1,1.0
302,2,753.97,535.61,36.67999999999995,17.67999999999995,1,1,1.0
302,3,754.89,497.58,34.690000000000055,33.61000000000007,1,1,1.0
303,1,837.07,470.73,62.42999999999995,62.870000000000005,1,1,1.0
303,2,753.71,535.73,36.66999999999996,17.68999999999994,1,1,1.0
303,3,754.59,497.67,34.68999999999994,33.61999999999995,1,1,1.0
304,1,836.77,470.81,62.430000000000064,62.85999999999996,1,1,1.0
304,2,753.45,535.86,36.66999999999996,17.67999999999995,1,1,1.0
304,3,754.29,497.77,34.700000000000045,33.610000000000014,1,1,1.0
305,1,836.46,470.88,62.42999999999995,62.870000000000005,1,1,1.0
305,2,753.19,535.98,36.66999999999996,17.67999999999995,1,1,1.0
305,3,754.0,497.86,34.690000000000055,33.620000000000005,1,1,1.0
306,1,836.16,470.96,62.430000000000064,62.87000000000006,1,1,1.0
306,2,752.92,536.11,36.680000000000064,17.67999999999995,1,1,1.0
306,3,753.7,497.96,34.68999999999994,33.61000000000007,1,1,1.0
307,1,835.86,471.04,62.42999999999995,62.85999999999996,1,1,1.0
307,2,752.66,536.23,36.67000000000007,17.67999999999995,1,1,1.0
307,3,753.4,498.05,34.700000000000045,33.61999999999995,1,1,1.0
308,1,835.56,471.11,62.430000000000064,62.870000000000005,1,1,1.0
308,2,752.4,536.35,36.67000000000007,17.68999999999994,1,1,1.0
308,3,753.11,498.14,34.68999999999994,33.620000000000005,1,1,1.0
309,1,835.26,471.19,62.430000000000064,62.86999999999995,1,1,1.0
309,2,752.13,536.48,36.67999999999995,17.67999999999995,1,1,1.0
309,3,752.81,498.24,34.690000000000055,33.610000000000014,1,1,1.0
310,1,834.95,471.27,62.43999999999994,62.870000000000005,1,1,1.0
310,2,751.87,536.6,36.67999999999995,17.67999999999995,1,1,1.0
310,3,752.51,498.33,34.700000000000045,33.62000000000006,1,1,1.0
311,1,834.65,471.34,62.430000000000064,62.87000000000006,1,1,1.0
311,2,751.61,536.73,36.66999999999996,17.67999999999995,1,1,1.0
311,3,752.22,498.43,34.68999999999994,33.60999999999996,1,1,1.0
312,1,834.92,471.5,62.430000000000064,62.870000000000005,1,1,1.0
312,2,751.91,536.85,36.67000000000007,17.67999999999995,1,1,1.0
312,3,752.52,498.54,34.690000000000055,33.61999999999995,1,1,1.0
313,1,835.19,471.66,62.42999999999995,62.85999999999996,1,1,1.0
313,2,752.21,536.97,36.66999999999996,17.67999999999995,1,1,1.0
313,3,752.82,498.65,34.68999999999994,33.620000000000005,1,1,1.0
314,1,835.46,471.81,62.42999999999995,62.86999999999995,1,1,1.0
314,2,752.51,537.09,36.66999999999996,17.67999999999995,1,1,1.0
314,3,753.12,498.77,34.68999999999994,33.610000000000014,1,1,1.0
315,1,835.72,471.97,62.43999999999994,62.860000000000014,1,1,1.0
315,2,752.81,537.21,36.67000000000007,17.67999999999995,1,1,1.0
315,3,753.42,498.88,34.690000000000055,33.610000000000014,1,1,1.0
316,1,835.99,472.12,62.42999999999995,62.870000000000005,1,1,1.0
316,2,753.11,537.33,36.66999999999996,17.67999999999995,1,1,1.0
316,3,753.72,498.99,34.68999999999994,33.620000000000005,1,1,1.0
317,1,836.26,472.28,62.430000000000064,62.860000000000014,1,1,1.0
317,2,753.41,537.45,36.67000000000007,17.67999999999995,1,1,1.0
317,3,754.02,499.1,34.690000000000055,33.620000000000005,1,1,1.0
318,1,836.53,472.43,62.430000000000064,62.86999999999995,1,1,1.0
318,2,753.71,537.57,36.66999999999996,17.67999999999995,1,1,1.0
318,3,754.32,499.22,34.68999999999994,33.610000000000014,1,1,1.0
319,1,836.8,472.59,62.430000000000064,62.87000000000006,1,1,1.0
319,2,754.01,537.69,36.66999999999996,17.67999999999995,1,1,1.0
319,3,754.61,499.33,34.69999999999993,33.61000000000007,1,1,1.0
320,1,837.06,472.74,62.430000000000064,62.870000000000005,1,1,1.0
320,2,754.31,537.81,36.67000000000007,17.680000000000064,1,1,1.0
320,3,754.91,499.44,34.700000000000045,33.61999999999995,1,1,1.0
321,1,837.33,472.9,62.42999999999995,62.870000000000005,1,1,1.0
321,2,754.61,537.93,36.66999999999996,17.680000000000064,1,1,1.0
321,3,755.21,499.56,34.69999999999993,33.60999999999996,1,1,1.0
322,1,837.6,473.05,62.42999999999995,62.86999999999995,1,1,1.0
322,2,754.91,538.05,36.67000000000007,17.680000000000064,1,1,1.0
322,3,755.51,499.67,34.700000000000045,33.60999999999996,1,1,1.0
323,1,837.87,473.21,62.42999999999995,62.87000000000006,1,1,1.0
323,2,755.21,538.17,36.67999999999995,17.680000000000064,1,1,1.0
323,3,755.81,499.78,34.700000000000045,33.620000000000005,1,1,1.0
324,1,838.13,473.36,62.440000000000055,62.870000000000005,1,1,1.0
324,2,755.51,538.29,36.680000000000064,17.680000000000064,1,1,1.0
324,3,756.11,499.89,34.68999999999994,33.620000000000005,1,1,1.0
325,1,838.4,473.52,62.430000000000064,62.870000000000005,1,1,1.0
325,2,755.81,538.41,36.680000000000064,17.680000000000064,1,1,1.0
325,3,756.41,500.01,34.690000000000055,33.610000000000014,1,1,1.0
326,1,838.67,473.68,62.430000000000064,62.85999999999996,1,1,1.0
326,2,756.11,538.53,36.67999999999995,17.680000000000064,1,1,1.0
326,3,756.71,500.12,34.68999999999994,33.610000000000014,1,1,1.0
327,1,838.94,473.83,62.42999999999995,62.87000000000006,1,1,1.0
327,2,756.41,538.65,36.680000000000064,17.680000000000064,1,1,1.0
327,3,757.01,500.23,34.690000000000055,33.620000000000005,1,1,1.0
328,1,839.21,473.99,62.42999999999995,62.860000000000014,1,1,1.0
328,2,756.71,538.77,36.67999999999995,17.690000000000055,1,1,1.0
328,3,757.31,500.34,34.690000000000055,33.62000000000006,1,1,1.0
329,1,839.47,474.14,62.42999999999995,62.870000000000005,1,1,1.0
329,2,757.01,538.89,36.680000000000064,17.690000000000055,1,1,1.0
329,3,757.61,500.46,34.68999999999994,33.61000000000007,1,1,1.0
330,1,839.74,474.3,62.42999999999995,62.85999999999996,1,1,1.0
330,2,757.31,539.01,36.680000000000064,17.690000000000055,1,1,1.0
330,3,757.91,500.57,34.690000000000055,33.62000000000006,1,1,1.0
331,1,840.01,474.45,62.430000000000064,62.87000000000006,1,1,1.0
331,2,757.61,539.13,36.67999999999995,17.690000000000055,1,1,1.0
331,3,758.21,500.68,34.68999999999994,33.61999999999995,1,1,1.0
332,1,840.28,474.61,62.430000000000064,62.870000000000005,1,1,1.0
332,2,757.91,539.26,36.680000000000064,17.680000000000064,1,1,1.0
332,3,758.51,500.8,34.690000000000055,33.60999999999996,1,1,1.0
333,1,840.54,474.76,62.440000000000055,62.870000000000005,1,1,1.0
333,2,758.21,539.38,36.67999999999995,17.67999999999995,1,1,1.0
333,3,758.81,500.91,34.690000000000055,33.60999999999996,1,1,1.0
334,1,840.81,474.92,62.430000000000064,62.86999999999995,1,1,1.0
334,2,758.51,539.5,36.680000000000064,17.67999999999995,1,1,1.0
334,3,759.11,501.02,34.68999999999994,33.620000000000005,1,1,1.0
335,1,841.68,474.96,62.430000000000064,62.87000000000006,1,1,1.0
335,2,759.31,539.56,36.67000000000007,17.680000000000064,1,1,1.0
335,3,759.96,501.08,34.68999999999994,33.61000000000007,1,1,1.0
336,1,842.55,475.01,62.430000000000064,62.870000000000005,1,1,1.0
336,2,760.1,539.63,36.66999999999996,17.67999999999995,1,1,1.0
336,3,760.8,501.14,34.690000000000055,33.610000000000014,1,1,1.0
337,1,843.42,475.06,62.430000000000064,62.85999999999996,1,1,1.0
337,2,760.89,539.69,36.680000000000064,17.67999999999995,1,1,1.0
337,3,761.65,501.2,34.690000000000055,33.60999999999996,1,1,1.0
338,1,844.29,475.1,62.430000000000064,62.870000000000005,1,1,1.0
338,2,761.69,539.76,36.66999999999996,17.680000000000064,1,1,1.0
338,3,762.5,501.25,34.690000000000055,33.620000000000005,1,1,1.0
339,1,845.16,475.15,62.430000000000064,62.870000000000005,1,1,1.0
339,2,762.48,539.82,36.66999999999996,17.68999999999994,1,1,1.0
339,3,763.34,501.31,34.69999999999993,33.61999999999995,1,1,1.0
340,1,846.03,475.19,62.430000000000064,62.86999999999995,1,1,1.0
340,2,763.27,539.89,36.67000000000007,17.680000000000064,1,1,1.0
340,3,764.19,501.37,34.68999999999994,33.610000000000014,1,1,1.0
341,1,846.9,475.24,62.430000000000064,62.870000000000005,1,1,1.0
341,2,764.06,539.96,36.680000000000064,17.67999999999995,1,1,1.0
341,3,765.04,501.43,34.690000000000055,33.60999999999996,1,1,1.0
342,1,847.77,475.29,62.430000000000064,62.85999999999996,1,1,1.0
342,2,764.86,540.02,36.66999999999996,17.680000000000064,1,1,1.0
342,3,765.88,501.49,34.700000000000045,33.610000000000014,1,1,1.0
343,1,848.64,475.33,62.430000000000064,62.87000000000006,1,1,1.0
343,2,765.65,540.09,36.67000000000007,17.67999999999995,1,1,1.0
343,3,766.73,501.54,34.68999999999994,33.61999999999995,1,1,1.0
344,1,849.51,475.38,62.430000000000064,62.870000000000005,1,1,1.0
344,2,766.44,540.15,36.66999999999996,17.680000000000064,1,1,1.0
344,3,767.58,501.6,34.68999999999994,33.620000000000005,1,1,1.0
345,1,850.38,475.42,62.42999999999995,62.86999999999995,1,1,1.0
345,2,767.23,540.22,36.67999999999995,17.67999999999995,1,1,1.0
345,3,768.42,501.66,34.700000000000045,33.61999999999995,1,1,1.0
346,1,851.25,475.47,62.42999999999995,62.870000000000005,1,1,1.0
346,2,768.03,540.28,36.67000000000007,17.690000000000055,1,1,1.0
346,3,769.27,501.72,34.690000000000055,33.610000000000014,1,1,1.0
347,1,852.12,475.51,62.42999999999995,62.870000000000005,1,1,1.0
347,2,768.82,540.35,36.66999999999996,17.67999999999995,1,1,1.0
347,3,770.12,501.78,34.68999999999994,33.610000000000014,1,1,1.0
348,1,852.99,475.56,62.42999999999995,62.86999999999995,1,1,1.0
348,2,769.61,540.41,36.66999999999996,17.690000000000055,1,1,1.0
348,3,770.96,501.83,34.69999999999993,33.62000000000006,1,1,1.0
349,1,853.86,475.61,62.42999999999995,62.860000000000014,1,1,1.0
349,2,770.4,540.48,36.680000000000064,17.67999999999995,1,1,1.0
349,3,771.81,501.89,34.690000000000055,33.620000000000005,1,1,1.0
350,1,854.73,475.65,62.42999999999995,62.870000000000005,1,1,1.0
350,2,771.2,540.55,36.66999999999996,17.680000000000064,1,1,1.0
350,3,772.66,501.95,34.690000000000055,33.62000000000006,1,1,1.0
351,1,855.6,475.7,62.42999999999995,62.87000000000006,1,1,1.0
351,2,771.99,540.61,36.66999999999996,17.67999999999995,1,1,1.0
351,3,773.51,502.01,34.690000000000055,33.610000000000014,1,1,1.0
352,1,856.47,475.74,62.42999999999995,62.870000000000005,1,1,1.0
352,2,772.78,540.68,36.67000000000007,17.680000000000064,1,1,1.0
352,3,774.35,502.07,34.68999999999994,33.60999999999996,1,1,1.0
353,1,857.34,475.79,62.42999999999995,62.86999999999995,1,1,1.0
353,2,773.57,540.74,36.67999999999995,17.67999999999995,1,1,1.0
353,3,775.2,502.13,34.68999999999994,33.610000000000014,1,1,1.0
354,1,858.21,475.84,62.42999999999995,62.86000000000007,1,1,1.0
354,2,774.37,540.81,36.66999999999996,17.680000000000064,1,1,1.0
354,3,776.05,502.18,34.690000000000055,33.61999999999995,1,1,1.0
355,1,858.98,475.83,62.42999999999995,62.87000000000006,1,1,1.0
355,2,775.12,540.83,36.67999999999995,17.67999999999995,1,1,1.0
355,3,776.69,502.26,34.68999999999994,33.610000000000014,1,1,1.0
356,1,859.75,475.83,62.440000000000055,62.87000000000006,1,1,1.0
356,2,775.88,540.84,36.66999999999996,17.67999999999995,1,1,1.0
356,3,777.33,502.33,34.69999999999993,33.62000000000006,1,1,1.0
357,1,860.53,475.82,62.430000000000064,62.87000000000006,1,1,1.0
357,2,776.63,540.86,36.67999999999995,17.67999999999995,1,1,1.0
357,3,777.98,502.4,34.68999999999994,33.620000000000005,1,1,1.0
358,1,861.3,475.82,62.430000000000064,62.87000000000006,1,1,1.0
358,2,777.39,540.88,36.66999999999996,17.67999999999995,1,1,1.0
358,3,778.62,502.48,34.68999999999994,33.610000000000014,1,1,1.0
359,1,862.08,475.82,62.42999999999995,62.85999999999996,1,1,1.0
359,2,778.14,540.89,36.680000000000064,17.680000000000064,1,1,1.0
359,3,779.27,502.55,34.690000000000055,33.61999999999995,1,1,1.0
360,1,862.85,475.81,62.42999999999995,62.86999999999995,1,1,1.0
360,2,778.9,540.91,36.67000000000007,17.680000000000064,1,1,1.0
360,3,779.91,502.63,34.690000000000055,33.610000000000014,1,1,1.0
361,1,863.62,475.81,62.43999999999994,62.86999999999995,1,1,1.0
361,2,779.65,540.92,36.680000000000064,17.690000000000055,1,1,1.0
361,3,780.55,502.7,34.690000000000055,33.60999999999996,1,1,1.0
362,1,865.16,475.58,62.430000000000064,62.87000000000006,1,1,1.0
362,2,781.16,540.62,36.67000000000007,17.68999999999994,1,1,1.0
362,3,782.1,502.41,34.68999999999994,33.60999999999996,1,1,1.0
363,1,866.69,475.35,62.42999999999995,62.870000000000005,1,1,1.0
363,2,782.66,540.32,36.67000000000007,17.68999999999994,1,1,1.0
363,3,783.64,502.12,34.700000000000045,33.610000000000014,1,1,1.0
364,1,868.23,475.13,62.42999999999995,62.860000000000014,1,1,1.0
364,2,784.17,540.02,36.67000000000007,17.680000000000064,1,1,1.0
364,3,785.19,501.83,34.68999999999994,33.61000000000007,1,1,1.0
365,1,869.76,474.9,62.430000000000064,62.870000000000005,1,1,1.0
365,2,785.67,539.72,36.67000000000007,17.67999999999995,1,1,1.0
365,3,786.73,501.54,34.69999999999993,33.60999999999996,1,1,1.0
366,1,871.3,474.67,62.430000000000064,62.86999999999995,1,1,1.0
366,2,787.17,539.42,36.680000000000064,17.680000000000064,1,1,1.0
366,3,788.28,501.25,34.690000000000055,33.610000000000014,1,1,1.0
367,1,872.83,474.44,62.42999999999995,62.86999999999995,1,1,1.0
367,2,788.68,539.12,36.67000000000007,17.67999999999995,1,1,1.0
367,3,789.83,500.96,34.68999999999994,33.61000000000007,1,1,1.0
368,1,874.36,474.22,62.43999999999994,62.860000000000014,1,1,1.0
368,2,790.18,538.82,36.680000000000064,17.67999999999995,1,1,1.0
368,3,791.37,500.67,34.68999999999994,33.60999999999996,1,1,1.0
369,1,875.9,473.99,62.430000000000064,62.870000000000005,1,1,1.0
369,2,791.69,538.52,36.66999999999996,17.680000000000064,1,1,1.0
369,3,792.92,500.38,34.690000000000055,33.610000000000014,1,1,1.0
370,1,877.43,473.76,62.440000000000055,62.870000000000005,1,1,1.0
370,2,793.19,538.22,36.66999999999996,17.67999999999995,1,1,1.0
370,3,794.46,500.09,34.68999999999994,33.61000000000007,1,1,1.0
371,1,878.97,473.53,62.42999999999995,62.870000000000005,1,1,1.0
371,2,794.7,537.92,36.66999999999996,17.680000000000064,1,1,1.0
371,3,796.01,499.8,34.690000000000055,33.60999999999996,1,1,1.0
372,1,880.5,473.31,62.42999999999995,62.85999999999996,1,1,1.0
372,2,796.2,537.62,36.66999999999996,17.67999999999995,1,1,1.0
372,3,797.55,499.5,34.690000000000055,33.620000000000005,1,1,1.0
373,1,882.04,473.08,62.430000000000064,62.87000000000006,1,1,1.0
373,2,797.7,537.32,36.67999999999995,17.67999999999995,1,1,1.0
373,3,799.1,499.21,34.68999999999994,33.62000000000006,1,1,1.0
374,1,883.57,472.85,62.42999999999995,62.870000000000005,1,1,1.0
374,2,799.21,537.02,36.66999999999996,17.680000000000064,1,1,1.0
374,3,800.64,498.92,34.690000000000055,33.61999999999995,1,1,1.0
375,1,885.11,472.62,62.42999999999995,62.870000000000005,1,1,1.0
375,2,800.71,536.72,36.67999999999995,17.67999999999995,1,1,1.0
375,3,802.19,498.63,34.68999999999994,33.620000000000005,1,1,1.0
376,1,886.64,472.4,62.430000000000064,62.860000000000014,1,1,1.0
376,2,802.22,536.42,36.66999999999996,17.680000000000064,1,1,1.0
376,3,803.73,498.34,34.69999999999993,33.62000000000006,1,1,1.0
377,1,888.17,472.17,62.440000000000055,62.86999999999995,1,1,1.0
377,2,803.72,536.11,36.66999999999996,17.68999999999994,1,1,1.0
377,3,805.28,498.05,34.690000000000055,33.61999999999995,1,1,1.0
378,1,889.71,471.94,62.42999999999995,62.86999999999995,1,1,1.0
378,2,805.23,535.81,36.66999999999996,17.690000000000055,1,1,1.0
378,3,806.83,497.76,34.68999999999994,33.620000000000005,1,1,1.0
379,1,891.24,471.71,62.42999999999995,62.87000000000006,1,1,1.0
379,2,806.73,535.51,36.66999999999996,17.690000000000055,1,1,1.0
379,3,808.37,497.47,34.68999999999994,33.620000000000005,1,1,1.0
380,1,892.78,471.49,62.430000000000064,62.860000000000014,1,1,1.0
380,2,808.23,535.21,36.67999999999995,17.67999999999995,1,1,1.0
380,3,809.92,497.18,34.690000000000055,33.61999999999995,1,1,1.0
381,1,894.31,471.26,62.430000000000064,62.870000000000005,1,1,1.0
381,2,809.74,534.91,36.66999999999996,17.680000000000064,1,1,1.0
381,3,811.46,496.89,34.68999999999994,33.610000000000014,1,1,1.0
382,1,895.85,471.03,62.42999999999995,62.870000000000005,1,1,1.0
382,2,811.24,534.61,36.67999999999995,17.67999999999995,1,1,1.0
382,3,813.01,496.6,34.690000000000055,33.610000000000014,1,1,1.0
383,1,897.38,470.8,62.42999999999995,62.86999999999995,1,1,1.0
383,2,812.75,534.31,36.66999999999996,17.680000000000064,1,1,1.0
383,3,814.55,496.31,34.690000000000055,33.60999999999996,1,1,1.0
384,1,898.92,470.58,62.430000000000064,62.86000000000007,1,1,1.0
384,2,814.25,534.01,36.66999999999996,17.680000000000064,1,1,1.0
384,3,816.1,496.02,34.68999999999994,33.610000000000014,1,1,1.0
385,1,900.45,470.35,62.42999999999995,62.870000000000005,1,1,1.0
385,2,815.76,533.71,36.66999999999996,17.67999999999995,1,1,1.0
385,3,817.64,495.73,34.690000000000055,33.610000000000014,1,1,1.0
386,1,901.98,470.12,62.43999999999994,62.870000000000005,1,1,1.0
386,2,817.26,533.41,36.66999999999996,17.680000000000064,1,1,1.0
386,3,819.19,495.44,34.68999999999994,33.60999999999996,1,1,1.0
387,1,903.27,469.82,62.430000000000064,62.87000000000006,1,1,1.0
387,2,818.64,533.1,36.66999999999996,17.67999999999995,1,1,1.0
387,3,820.59,495.13,34.68999999999994,33.620000000000005,1,1,1.0
388,1,904.55,469.52,62.440000000000055,62.870000000000005,1,1,1.0
388,2,820.02,532.79,36.67000000000007,17.690000000000055,1,1,1.0
388,3,821.98,494.83,34.69999999999993,33.61000000000007,1,1,1.0
389,1,905.84,469.22,62.42999999999995,62.870000000000005,1,1,1.0
389,2,821.39,532.49,36.680000000000064,17.67999999999995,1,1,1.0
389,3,823.38,494.52,34.690000000000055,33.620000000000005,1,1,1.0
390,1,907.12,468.92,62.43999999999994,62.86999999999995,1,1,1.0
390,2,822.77,532.18,36.680000000000064,17.680000000000064,1,1,1.0
390,3,824.78,494.22,34.690000000000055,33.610000000000014,1,1,1.0
391,1,908.41,468.62,62.430000000000064,62.870000000000005,1,1,1.0
391,2,824.15,531.87,36.67000000000007,17.67999999999995,1,1,1.0
391,3,826.18,493.91,34.690000000000055,33.61999999999995,1,1,1.0
392,1,909.69,468.32,62.42999999999995,62.87000000000006,1,1,1.0
392,2,825.53,531.56,36.67000000000007,17.680000000000064,1,1,1.0
392,3,827.57,493.61,34.69999999999993,33.610000000000014,1,1,1.0
393,1,910.98,468.02,62.42999999999995,62.870000000000005,1,1,1.0
393,2,826.91,531.26,36.67000000000007,17.680000000000064,1,1,1.0
393,3,828.97,493.3,34.68999999999994,33.61999999999995,1,1,1.0
394,1,912.26,467.72,62.430000000000064,62.870000000000005,1,1,1.0
394,2,828.29,530.95,36.67000000000007,17.67999999999995,1,1,1.0
394,3,830.37,493.0,34.68999999999994,33.610000000000014,1,1,1.0
395,1,913.55,467.43,62.430000000000064,62.85999999999996,1,1,1.0
395,2,829.66,530.64,36.680000000000064,17.680000000000064,1,1,1.0
395,3,831.77,492.69,34.690000000000055,33.61999999999995,1,1,1.0
396,1,914.83,467.13,62.42999999999995,62.860000000000014,1,1,1.0
396,2,831.04,530.33,36.67000000000007,17.67999999999995,1,1,1.0
396,3,833.17,492.39,34.690000000000055,33.610000000000014,1,1,1.0
397,1,916.12,466.83,62.42999999999995,62.86000000000007,1,1,1.0
397,2,832.42,530.02,36.67000000000007,17.690000000000055,1,1,1.0
397,3,834.56,492.08,34.690000000000055,33.62000000000006,1,1,1.0
398,1,917.4,466.53,62.430000000000064,62.860000000000014,1,1,1.0
398,2,833.8,529.72,36.67000000000007,17.67999999999995,1,1,1.0
398,3,835.96,491.78,34.68999999999994,33.610000000000014,1,1,1.0
399,1,918.69,466.23,62.42999999999995,62.870000000000005,1,1,1.0
399,2,835.18,529.41,36.67000000000007,17.680000000000064,1,1,1.0
399,3,837.36,491.47,34.68999999999994,33.620000000000005,1,1,1.0
400,1,919.97,465.93,62.42999999999995,62.86999999999995,1,1,1.0
400,2,836.55,529.1,36.680000000000064,17.67999999999995,1,1,1.0
400,3,838.76,491.17,34.690000000000055,33.60999999999996,1,1,1.0
401,1,921.26,465.63,62.430000000000064,62.870000000000005,1,1,1.0
401,2,837.93,528.79,36.680000000000064,17.680000000000064,1,1,1.0
401,3,840.15,490.86,34.700000000000045,33.620000000000005,1,1,1.0
402,1,922.54,465.33,62.430000000000064,62.87000000000006,1,1,1.0
402,2,839.31,528.49,36.67000000000007,17.67999999999995,1,1,1.0
402,3,841.55,490.56,34.690000000000055,33.60999999999996,1,1,1.0
403,1,923.09,464.85,62.43999999999994,62.860000000000014,1,1,1.0
403,2,839.96,528.18,36.66999999999996,17.680000000000064,1,1,1.0
403,3,842.22,490.43,34.68999999999994,33.61999999999995,1,1,1.0
404,1,923.65,464.36,62.430000000000064,62.870000000000005,1,1,1.0
404,2,840.6,527.87,36.67999999999995,17.67999999999995,1,1,1.0
404,3,842.88,490.31,34.700000000000045,33.61999999999995,1,1,1.0
405,1,924.2,463.88,62.42999999999995,62.870000000000005,1,1,1.0
405,2,841.25,527.56,36.66999999999996,17.680000000000064,1,1,1.0
405,3,843.55,490.19,34.690000000000055,33.60999999999996,1,1,1.0
406,1,924.75,463.4,62.440000000000055,62.870000000000005,1,1,1.0
406,2,841.9,527.25,36.67000000000007,17.690000000000055,1,1,1.0
406,3,844.22,490.07,34.68999999999994,33.60999999999996,1,1,1.0
407,1,925.14,463.06,62.430000000000064,62.86999999999995,1,1,1.0
407,2,842.05,526.9,36.67000000000007,17.680000000000064,1,1,1.0
407,3,844.39,489.66,34.690000000000055,33.60999999999996,1,1,1.0
408,1,925.53,462.73,62.430000000000064,62.870000000000005,1,1,1.0
408,2,842.2,526.54,36.67999999999995,17.690000000000055,1,1,1.0
408,3,844.56,489.25,34.690000000000055,33.610000000000014,1,1,1.0
409,1,925.92,462.39,62.430000000000064,62.870000000000005,1,1,1.0
409,2,842.36,526.19,36.66999999999996,17.67999999999995,1,1,1.0
409,3,844.73,488.84,34.68999999999994,33.61000000000007,1,1,1.0
410,1,926.31,462.06,62.430000000000064,62.85999999999996,1,1,1.0
410,2,842.51,525.84,36.66999999999996,17.67999999999995,1,1,1.0
410,3,844.91,488.43,34.690000000000055,33.61999999999995,1,1,1.0
411,1,926.69,461.72,62.42999999999995,62.870000000000005,1,1,1.0
411,2,842.66,525.48,36.67000000000007,17.67999999999995,1,1,1.0
411,3,845.08,488.02,34.68999999999994,33.620000000000005,1,1,1.0
412,1,927.08,461.38,62.42999999999995,62.870000000000005,1,1,1.0
412,2,842.81,525.13,36.680000000000064,17.67999999999995,1,1,1.0
412,3,845.25,487.61,34.690000000000055,33.620000000000005,1,1,1.0
413,1,927.47,461.05,62.42999999999995,62.86999999999995,1,1,1.0
413,2,842.97,524.77,36.66999999999996,17.680000000000064,1,1,1.0
413,3,845.42,487.2,34.690000000000055,33.62000000000006,1,1,1.0
414,1,927.86,460.71,62.42999999999995,62.87000000000006,1,1,1.0
414,2,843.12,524.42,36.66999999999996,17.680000000000064,1,1,1.0
414,3,845.59,486.79,34.69999999999993,33.61999999999995,1,1,1.0
415,1,928.24,460.38,62.43999999999994,62.860000000000014,1,1,1.0
415,2,843.27,524.06,36.680000000000064,17.680000000000064,1,1,1.0
415,3,845.77,486.38,34.690000000000055,33.620000000000005,1,1,1.0
416,1,928.27,460.25,62.430000000000064,62.870000000000005,1,1,1.0
416,2,843.42,523.98,36.680000000000064,17.67999999999995,1,1,1.0
416,3,845.85,486.26,34.69999999999993,33.620000000000005,1,1,1.0
417,1,928.3,460.13,62.430000000000064,62.860000000000014,1,1,1.0
417,2,843.57,523.9,36.67999999999995,17.680000000000064,1,1,1.0
417,3,845.94,486.14,34.68999999999994,33.620000000000005,1,1,1.0
418,1,928.32,460.0,62.43999999999994,62.870000000000005,1,1,1.0
418,2,843.72,523.81,36.67999999999995,17.680000000000064,1,1,1.0
418,3,846.03,486.02,34.690000000000055,33.620000000000005,1,1,1.0
419,1,928.35,459.88,62.42999999999995,62.870000000000005,1,1,1.0
419,2,843.87,523.73,36.67999999999995,17.67999999999995,1,1,1.0
419,3,846.12,485.9,34.68999999999994,33.620000000000005,1,1,1.0
420,1,928.38,459.75,62.42999999999995,62.870000000000005,1,1,1.0
420,2,844.02,523.65,36.680000000000064,17.680000000000064,1,1,1.0
420,3,846.21,485.78,34.68999999999994,33.610000000000014,1,1,1.0
421,1,928.4,459.63,62.440000000000055,62.870000000000005,1,1,1.0
421,2,844.17,523.57,36.680000000000064,17.67999999999995,1,1,1.0
421,3,846.29,485.66,34.690000000000055,33.60999999999996,1,1,1.0
422,1,928.43,459.5,62.430000000000064,62.870000000000005,1,1,1.0
422,2,844.32,523.48,36.67999999999995,17.67999999999995,1,1,1.0
422,3,846.38,485.54,34.690000000000055,33.60999999999996,1,1,1.0
423,1,928.46,459.38,62.42999999999995,62.870000000000005,1,1,1.0
423,2,844.47,523.4,36.67999999999995,17.680000000000064,1,1,1.0
423,3,846.47,485.42,34.68999999999994,33.60999999999996,1,1,1.0
424,1,928.49,459.25,62.42999999999995,62.870000000000005,1,1,1.0
424,2,844.63,523.32,36.66999999999996,17.67999999999995,1,1,1.0
424,3,846.56,485.3,34.690000000000055,33.60999999999996,1,1,1.0
425,1,928.51,459.13,62.430000000000064,62.870000000000005,1,1,1.0
425,2,844.78,523.23,36.67000000000007,17.68999999999994,1,1,1.0
425,3,846.64,485.18,34.700000000000045,33.60999999999996,1,1,1.0
426,1,928.54,459.0,62.430000000000064,62.870000000000005,1,1,1.0
426,2,844.93,523.15,36.67000000000007,17.680000000000064,1,1,1.0
426,3,846.73,485.05,34.68999999999994,33.61999999999995,1,1,1.0
427,1,928.57,458.88,62.42999999999995,62.870000000000005,1,1,1.0
427,2,845.08,523.07,36.66999999999996,17.67999999999995,1,1,1.0
427,3,846.82,484.93,34.68999999999994,33.61999999999995,1,1,1.0
428,1,928.59,458.75,62.42999999999995,62.870000000000005,1,1,1.0
428,2,845.23,522.99,36.66999999999996,17.67999999999995,1,1,1.0
428,3,846.91,484.81,34.690000000000055,33.61999999999995,1,1,1.0
429,1,928.62,458.63,62.42999999999995,62.870000000000005,1,1,1.0
429,2,845.38,522.9,36.66999999999996,17.690000000000055,1,1,1.0
429,3,847.0,484.69,34.690000000000055,33.61999999999995,1,1,1.0
430,1,928.65,458.51,62.430000000000064,62.860000000000014,1,1,1.0
430,2,845.53,522.82,36.67000000000007,17.67999999999995,1,1,1.0
430,3,847.08,484.57,34.68999999999994,33.62000000000006,1,1,1.0
431,1,928.67,458.38,62.430000000000064,62.870000000000005,1,1,1.0
431,2,845.68,522.74,36.67000000000007,17.67999999999995,1,1,1.0
431,3,847.17,484.45,34.690000000000055,33.62000000000006,1,1,1.0
432,1,928.7,458.26,62.42999999999995,62.860000000000014,1,1,1.0
432,2,845.83,522.66,36.66999999999996,17.680000000000064,1,1,1.0
432,3,847.26,484.33,34.690000000000055,33.61000000000007,1,1,1.0
433,1,928.73,458.13,62.42999999999995,62.870000000000005,1,1,1.0
433,2,845.98,522.57,36.66999999999996,17.67999999999995,1,1,1.0
433,3,847.35,484.21,34.68999999999994,33.61000000000007,1,1,1.0
434,1,928.75,458.01,62.42999999999995,62.860000000000014,1,1,1.0
434,2,846.13,522.49,36.66999999999996,17.67999999999995,1,1,1.0
434,3,847.43,484.09,34.700000000000045,33.61000000000007,1,1,1.0
435,1,928.78,457.88,62.430000000000064,62.870000000000005,1,1,1.0
435,2,846.28,522.41,36.67000000000007,17.680000000000064,1,1,1.0
435,3,847.52,483.97,34.690000000000055,33.610000000000014,1,1,1.0
436,1,928.81,457.76,62.430000000000064,62.870000000000005,1,1,1.0
436,2,846.43,522.32,36.67000000000007,17.68999999999994,1,1,1.0
436,3,847.61,483.85,34.68999999999994,33.610000000000014,1,1,1.0
437,1,928.83,457.63,62.42999999999995,62.870000000000005,1,1,1.0
437,2,846.58,522.24,36.66999999999996,17.67999999999995,1,1,1.0
437,3,847.7,483.73,34.68999999999994,33.610000000000014,1,1,1.0
438,1,928.86,457.51,62.42999999999995,62.870000000000005,1,1,1.0
438,2,846.73,522.16,36.66999999999996,17.680000000000064,1,1,1.0
438,3,847.79,483.61,34.690000000000055,33.610000000000014,1,1,1.0
439,1,928.89,457.38,62.430000000000064,62.870000000000005,1,1,1.0
439,2,846.88,522.08,36.66999999999996,17.67999999999995,1,1,1.0
439,3,847.87,483.48,34.68999999999994,33.620000000000005,1,1,1.0
440,1,928.67,457.44,62.430000000000064,62.86999999999995,1,1,1.0
440,2,846.54,522.11,36.680000000000064,17.68999999999994,1,1,1.0
440,3,847.54,483.79,34.690000000000055,33.60999999999996,1,1,1.0
441,1,928.46,457.5,62.42999999999995,62.870000000000005,1,1,1.0
441,2,846.21,522.15,36.66999999999996,17.680000000000064,1,1,1.0
441,3,847.2,484.09,34.68999999999994,33.62000000000006,1,1,1.0
442,1,928.24,457.55,62.42999999999995,62.86999999999995,1,1,1.0
442,2,845.87,522.19,36.67999999999995,17.67999999999995,1,1,1.0
442,3,846.86,484.4,34.68999999999994,33.610000000000014,1,1,1.0
443,1,928.02,457.61,62.440000000000055,62.870000000000005,1,1,1.0
443,2,845.54,522.23,36.67000000000007,17.67999999999995,1,1,1.0
443,3,846.52,484.7,34.700000000000045,33.60999999999996,1,1,1.0
444,1,927.81,457.67,62.430000000000064,62.86999999999995,1,1,1.0
444,2,845.2,522.27,36.67999999999995,17.680000000000064,1,1,1.0
444,3,846.19,485.0,34.68999999999994,33.620000000000005,1,1,1.0
445,1,927.59,457.73,62.42999999999995,62.860000000000014,1,1,1.0
445,2,844.87,522.31,36.66999999999996,17.680000000000064,1,1,1.0
445,3,845.85,485.31,34.68999999999994,33.60999999999996,1,1,1.0
446,1,927.24,457.55,62.42999999999995,62.86999999999995,1,1,1.0
446,2,844.55,522.25,36.680000000000064,17.690000000000055,1,1,1.0
446,3,845.52,485.14,34.700000000000045,33.620000000000005,1,1,1.0
447,1,926.89,457.37,62.430000000000064,62.870000000000005,1,1,1.0
447,2,844.24,522.2,36.66999999999996,17.67999999999995,1,1,1.0
447,3,845.2,484.98,34.68999999999994,33.610000000000014,1,1,1.0
448,1,926.54,457.19,62.430000000000064,62.86999999999995,1,1,1.0
448,2,843.92,522.15,36.680000000000064,17.680000000000064,1,1,1.0
448,3,844.87,484.82,34.68999999999994,33.60999999999996,1,1,1.0
449,1,926.19,457.02,62.42999999999995,62.870000000000005,1,1,1.0
449,2,843.61,522.09,36.66999999999996,17.67999999999995,1,1,1.0
449,3,844.54,484.65,34.690000000000055,33.620000000000005,1,1,1.0
450,1,925.84,456.84,62.42999999999995,62.87000000000006,1,1,1.0
450,2,843.3,522.04,36.67000000000007,17.680000000000064,1,1,1.0
450,3,844.22,484.49,34.68999999999994,33.620000000000005,1,1,1.0
451,1,925.49,456.66,62.42999999999995,62.86999999999995,1,1,1.0
451,2,842.98,521.99,36.66999999999996,17.67999999999995,1,1,1.0
451,3,843.89,484.33,34.690000000000055,33.61000000000007,1,1,1.0
452,1,925.14,456.49,62.430000000000064,62.870000000000005,1,1,1.0
452,2,842.67,521.93,36.67000000000007,17.680000000000064,1,1,1.0
452,3,843.56,484.16,34.690000000000055,33.61999999999995,1,1,1.0
453,1,924.79,456.31,62.430000000000064,62.86999999999995,1,1,1.0
453,2,842.35,521.88,36.67999999999995,17.67999999999995,1,1,1.0
453,3,843.23,484.0,34.69999999999993,33.620000000000005,1,1,1.0
454,1,924.44,456.13,62.43999999999994,62.870000000000005,1,1,1.0
454,2,842.04,521.82,36.67000000000007,17.68999999999994,1,1,1.0
454,3,842.91,483.84,34.690000000000055,33.61000000000007,1,1,1.0
455,1,924.09,455.96,62.43999999999994,62.86000000000007,1,1,1.0
455,2,841.72,521.77,36.67999999999995,17.680000000000064,1,1,1.0
455,3,842.58,483.67,34.68999999999994,33.61999999999995,1,1,1.0
456,1,923.74,455.78,62.43999999999994,62.870000000000005,1,1,1.0
456,2,841.41,521.72,36.67000000000007,17.67999999999995,1,1,1.0
456,3,842.25,483.51,34.700000000000045,33.620000000000005,1,1,1.0
457,1,923.39,455.6,62.440000000000055,62.870000000000005,1,1,1.0
457,2,841.09,521.66,36.67999999999995,17.680000000000064,1,1,1.0
457,3,841.93,483.35,34.690000000000055,33.610000000000014,1,1,1.0
458,1,923.04,455.43,62.440000000000055,62.85999999999996,1,1,1.0
458,2,840.78,521.61,36.67000000000007,17.67999999999995,1,1,1.0
458,3,841.6,483.18,34.68999999999994,33.61999999999995,1,1,1.0
459,1,922.69,455.25,62.43999999999994,62.870000000000005,1,1,1.0
459,2,840.46,521.56,36.67999999999995,17.680000000000064,1,1,1.0
459,3,841.27,483.02,34.690000000000055,33.620000000000005,1,1,1.0
460,1,922.34,455.07,62.43999999999994,62.87000000000006,1,1,1.0
460,2,840.15,521.5,36.67000000000007,17.67999999999995,1,1,1.0
460,3,840.95,482.86,34.68999999999994,33.610000000000014,1,1,1.0
461,1,921.99,454.89,62.43999999999994,62.870000000000005,1,1,1.0
461,2,839.84,521.45,36.66999999999996,17.67999999999995,1,1,1.0
461,3,840.62,482.69,34.68999999999994,33.61999999999995,1,1,1.0
462,1,921.31,455.1,62.430000000000064,62.860000000000014,1,1,1.0
462,2,839.1,521.68,36.66999999999996,17.680000000000064,1,1,1.0
462,3,839.87,482.86,34.68999999999994,33.620000000000005,1,1,1.0
463,1,920.63,455.3,62.42999999999995,62.86999999999995,1,1,1.0
463,2,838.36,521.91,36.66999999999996,17.680000000000064,1,1,1.0
463,3,839.11,483.03,34.69999999999993,33.610000000000014,1,1,1.0
464,1,919.95,455.5,62.42999999999995,62.870000000000005,1,1,1.0
464,2,837.61,522.14,36.67999999999995,17.680000000000064,1,1,1.0
464,3,838.36,483.2,34.68999999999994,33.60999999999996,1,1,1.0
465,1,919.27,455.7,62.430000000000064,62.87000000000006,1,1,1.0
465,2,836.87,522.37,36.67999999999995,17.67999999999995,1,1,1.0
465,3,837.61,483.37,34.68999999999994,33.610000000000014,1,1,1.0
466,1,918.59,455.9,62.42999999999995,62.870000000000005,1,1,1.0
466,2,836.13,522.6,36.67999999999995,17.67999999999995,1,1,1.0
466,3,836.85,483.53,34.69999999999993,33.620000000000005,1,1,1.0
467,1,917.91,456.1,62.430000000000064,62.870000000000005,1,1,1.0
467,2,835.39,522.83,36.680000000000064,17.67999999999995,1,1,1.0
467,3,836.1,483.7,34.68999999999994,33.62000000000006,1,1,1.0
468,1,917.23,456.31,62.42999999999995,62.85999999999996,1,1,1.0
468,2,834.65,523.06,36.680000000000064,17.680000000000064,1,1,1.0
468,3,835.35,483.87,34.68999999999994,33.610000000000014,1,1,1.0
469,1,916.55,456.51,62.430000000000064,62.870000000000005,1,1,1.0
469,2,833.91,523.29,36.680000000000064,17.680000000000064,1,1,1.0
469,3,834.6,484.04,34.68999999999994,33.60999999999996,1,1,1.0
470,1,915.86,456.71,62.43999999999994,62.87000000000006,1,1,1.0
470,2,833.17,523.52,36.680000000000064,17.680000000000064,1,1,1.0
470,3,833.84,484.21,34.69999999999993,33.61000000000007,1,1,1.0
471,1,915.18,456.91,62.440000000000055,62.86999999999995,1,1,1.0
471,2,832.43,523.75,36.67000000000007,17.67999999999995,1,1,1.0
471,3,833.09,484.37,34.68999999999994,33.620000000000005,1,1,1.0
472,1,913.59,458.77,62.42999999999995,62.870000000000005,1,1,1.0
472,2,830.89,525.54,36.66999999999996,17.680000000000064,1,1,1.0
472,3,831.53,486.28,34.700000000000045,33.610000000000014,1,1,1.0
473,1,912.0,460.63,62.42999999999995,62.870000000000005,1,1,1.0
473,2,829.34,527.33,36.66999999999996,17.67999999999995,1,1,1.0
473,3,829.98,488.18,34.68999999999994,33.61999999999995,1,1,1.0
474,1,910.41,462.49,62.430000000000064,62.870000000000005,1,1,1.0
474,2,827.8,529.12,36.67000000000007,17.67999999999995,1,1,1.0
474,3,828.42,490.09,34.690000000000055,33.62000000000006,1,1,1.0
475,1,908.82,464.35,62.42999999999995,62.870000000000005,1,1,1.0
475,2,826.25,530.91,36.66999999999996,17.680000000000064,1,1,1.0
475,3,826.87,492.0,34.68999999999994,33.610000000000014,1,1,1.0
476,1,907.22,466.21,62.43999999999994,62.87000000000006,1,1,1.0
476,2,824.7,532.7,36.67999999999995,17.67999999999995,1,1,1.0
476,3,825.31,493.9,34.690000000000055,33.620000000000005,1,1,1.0
477,1,905.63,468.07,62.42999999999995,62.87000000000006,1,1,1.0
477,2,823.16,534.49,36.67000000000007,17.67999999999995,1,1,1.0
477,3,823.75,495.81,34.700000000000045,33.60999999999996,1,1,1.0
478,1,904.04,469.93,62.430000000000064,62.86999999999995,1,1,1.0
478,2,821.61,536.28,36.67999999999995,17.690000000000055,1,1,1.0
478,3,822.2,497.71,34.68999999999994,33.62000000000006,1,1,1.0
479,1,902.45,471.79,62.42999999999995,62.86999999999995,1,1,1.0
479,2,820.07,538.07,36.66999999999996,17.68999999999994,1,1,1.0
479,3,820.64,499.62,34.690000000000055,33.610000000000014,1,1,1.0
480,1,900.86,473.65,62.42999999999995,62.870000000000005,1,1,1.0
480,2,818.52,539.86,36.680000000000064,17.68999999999994,1,1,1.0
480,3,819.09,501.53,34.68999999999994,33.610000000000014,1,1,1.0
481,1,899.26,475.51,62.440000000000055,62.870000000000005,1,1,1.0
481,2,816.98,541.65,36.66999999999996,17.690000000000055,1,1,1.0
481,3,817.53,503.43,34.690000000000055,33.61999999999995,1,1,1.0
482,1,897.67,477.37,62.430000000000064,62.870000000000005,1,1,1.0
482,2,815.43,543.45,36.67000000000007,17.67999999999995,1,1,1.0
482,3,815.97,505.34,34.69999999999993,33.61000000000007,1,1,1.0
483,1,896.52,480.26,62.430000000000064,62.870000000000005,1,1,1.0
483,2,814.28,546.41,36.67000000000007,17.690000000000055,1,1,1.0
483,3,814.86,508.32,34.68999999999994,33.62000000000006,1,1,1.0
484,1,895.37,483.15,62.42999999999995,62.870000000000005,1,1,1.0
484,2,813.13,549.38,36.66999999999996,17.690000000000055,1,1,1.0
484,3,813.75,511.31,34.690000000000055,33.60999999999996,1,1,1.0
485,1,894.22,486.04,62.42999999999995,62.86999999999995,1,1,1.0
485,2,811.97,552.35,36.67999999999995,17.67999999999995,1,1,1.0
485,3,812.63,514.3,34.690000000000055,33.610000000000014,1,1,1.0
486,1,893.07,488.93,62.42999999999995,62.86999999999995,1,1,1.0
486,2,810.82,555.32,36.67999999999995,17.67999999999995,1,1,1.0
486,3,811.52,517.28,34.690000000000055,33.620000000000005,1,1,1.0
487,1,891.92,491.83,62.430000000000064,62.86000000000007,1,1,1.0
487,2,809.67,558.29,36.67000000000007,17.680000000000064,1,1,1.0
487,3,810.4,520.27,34.700000000000045,33.610000000000014,1,1,1.0
488,1,890.77,494.72,62.430000000000064,62.860000000000014,1,1,1.0
488,2,808.52,561.26,36.67000000000007,17.680000000000064,1,1,1.0
488,3,809.29,523.26,34.690000000000055,33.610000000000014,1,1,1.0
489,1,889.62,497.61,62.42999999999995,62.870000000000005,1,1,1.0
489,2,807.37,564.23,36.66999999999996,17.67999999999995,1,1,1.0
489,3,808.18,526.24,34.690000000000055,33.620000000000005,1,1,1.0
490,1,888.47,500.5,62.42999999999995,62.870000000000005,1,1,1.0
490,2,806.21,567.2,36.67999999999995,17.67999999999995,1,1,1.0
490,3,807.06,529.23,34.690000000000055,33.610000000000014,1,1,1.0
491,1,887.32,503.39,62.42999999999995,62.870000000000005,1,1,1.0
491,2,805.06,570.17,36.67000000000007,17.680000000000064,1,1,1.0
491,3,805.95,532.21,34.68999999999994,33.620000000000005,1,1,1.0
492,1,886.17,506.28,62.430000000000064,62.870000000000005,1,1,1.0
492,2,803.91,573.14,36.67000000000007,17.680000000000064,1,1,1.0
492,3,804.84,535.2,34.68999999999994,33.620000000000005,1,1,1.0
493,1,885.02,509.17,62.430000000000064,62.86999999999995,1,1,1.0
493,2,802.76,576.11,36.66999999999996,17.67999999999995,1,1,1.0
493,3,803.72,538.19,34.68999999999994,33.6099999999999,1,1,1.0
494,1,883.87,512.06,62.42999999999995,62.870000000000005,1,1,1.0
494,2,801.6,579.08,36.67999999999995,17.67999999999995,1,1,1.0
494,3,802.61,541.17,34.68999999999994,33.620000000000005,1,1,1.0
495,1,882.72,514.96,62.42999999999995,62.860000000000014,1,1,1.0
495,2,800.45,582.04,36.66999999999996,17.690000000000055,1,1,1.0
495,3,801.49,544.16,34.68999999999994,33.610000000000014,1,1,1.0
496,1,880.84,516.81,62.43999999999994,62.870000000000005,1,1,1.0
496,2,798.43,584.11,36.67000000000007,17.67999999999995,1,1,1.0
496,3,799.76,546.07,34.690000000000055,33.6099999999999,1,1,1.0
497,1,878.97,518.66,62.42999999999995,62.870000000000005,1,1,1.0
497,2,796.41,586.17,36.67000000000007,17.680000000000064,1,1,1.0
497,3,798.03,547.97,34.690000000000055,33.620000000000005,1,1,1.0
498,1,877.09,520.51,62.42999999999995,62.870000000000005,1,1,1.0
498,2,794.38,588.24,36.67999999999995,17.67999999999995,1,1,1.0
498,3,796.29,549.88,34.700000000000045,33.610000000000014,1,1,1.0
499,1,875.21,522.36,62.42999999999995,62.870000000000005,1,1,1.0
499,2,792.36,590.3,36.66999999999996,17.680000000000064,1,1,1.0
499,3,794.56,551.78,34.690000000000055,33.620000000000005,1,1,1.0
500,1,874.41,522.95,62.430000000000064,62.870000000000005,1,1,1.0
500,2,791.7,590.8,36.66999999999996,17.690000000000055,1,1,1.0
500,3,793.71,552.32,34.68999999999994,33.620000000000005,1,1,1.0
501,1,873.6,523.53,62.42999999999995,62.870000000000005,1,1,1.0
501,2,791.04,591.31,36.680000000000064,17.680000000000064,1,1,1.0
501,3,792.85,552.86,34.68999999999994,33.620000000000005,1,1,1.0
502,1,872.8,524.12,62.430000000000064,62.870000000000005,1,1,1.0
502,2,790.39,591.81,36.66999999999996,17.680000000000064,1,1,1.0
502,3,791.99,553.4,34.700000000000045,33.620000000000005,1,1,1.0
503,1,871.99,524.7,62.42999999999995,62.870000000000005,1,1,1.0
503,2,789.73,592.31,36.66999999999996,17.690000000000055,1,1,1.0
503,3,791.14,553.94,34.690000000000055,33.61999999999989,1,1,1.0
504,1,871.19,525.29,62.42999999999995,62.860000000000014,1,1,1.0
504,2,789.07,592.82,36.67999999999995,17.67999999999995,1,1,1.0
504,3,790.28,554.48,34.700000000000045,33.620000000000005,1,1,1.0
505,1,870.38,525.87,62.42999999999995,62.870000000000005,1,1,1.0
505,2,788.41,593.32,36.680000000000064,17.67999999999995,1,1,1.0
505,3,789.43,555.02,34.690000000000055,33.610000000000014,1,1,1.0
506,1,869.58,526.45,62.42999999999995,62.870000000000005,1,1,1.0
506,2,787.76,593.82,36.66999999999996,17.67999999999995,1,1,1.0
506,3,788.57,555.56,34.69999999999993,33.610000000000014,1,1,1.0
507,1,868.77,527.04,62.430000000000064,62.870000000000005,1,1,1.0
507,2,787.1,594.33,36.66999999999996,17.67999999999995,1,1,1.0
507,3,787.72,556.1,34.68999999999994,33.610000000000014,1,1,1.0
508,1,867.97,527.62,62.42999999999995,62.870000000000005,1,1,1.0
508,2,786.44,594.83,36.67999999999995,17.67999999999995,1,1,1.0
508,3,786.86,556.64,34.69999999999993,33.610000000000014,1,1,1.0
509,1,867.16,528.21,62.430000000000064,62.870000000000005,1,1,1.0
509,2,785.78,595.33,36.680000000000064,17.67999999999995,1,1,1.0
509,3,786.01,557.18,34.690000000000055,33.610000000000014,1,1,1.0
510,1,866.36,528.79,62.42999999999995,62.870000000000005,1,1,1.0
510,2,785.13,595.84,36.66999999999996,17.67999999999995,1,1,1.0
510,3,785.15,557.72,34.690000000000055,33.610000000000014,1,1,1.0
511,1,865.55,529.38,62.430000000000064,62.860000000000014,1,1,1.0
511,2,784.47,596.34,36.66999999999996,17.67999999999995,1,1,1.0
511,3,784.3,558.26,34.690000000000055,33.610000000000014,1,1,1.0
512,1,864.11,529.88,62.42999999999995,62.870000000000005,1,1,1.0
512,2,782.97,596.89,36.67999999999995,17.690000000000055,1,1,1.0
512,3,782.81,558.8,34.690000000000055,33.620000000000005,1,1,1.0
513,1,862.67,530.38,62.430000000000064,62.870000000000005,1,1,1.0
513,2,781.47,597.45,36.67999999999995,17.67999999999995,1,1,1.0
513,3,781.32,559.34,34.68999999999994,33.620000000000005,1,1,1.0
514,1,861.22,530.89,62.42999999999995,62.870000000000005,1,1,1.0
514,2,779.98,598.0,36.66999999999996,17.690000000000055,1,1,1.0
514,3,779.83,559.89,34.68999999999994,33.610000000000014,1,1,1.0
515,1,859.78,531.39,62.430000000000064,62.870000000000005,1,1,1.0
515,2,778.48,598.56,36.66999999999996,17.680000000000064,1,1,1.0
515,3,778.34,560.43,34.69999999999993,33.620000000000005,1,1,1.0
516,1,858.34,531.9,62.42999999999995,62.870000000000005,1,1,1.0
516,2,776.98,599.12,36.67999999999995,17.67999999999995,1,1,1.0
516,3,776.86,560.97,34.68999999999994,33.620000000000005,1,1,1.0
517,1,856.89,532.4,62.430000000000064,62.870000000000005,1,1,1.0
517,2,775.49,599.67,36.66999999999996,17.680000000000064,1,1,1.0
517,3,775.37,561.52,34.68999999999994,33.610000000000014,1,1,1.0
518,1,855.45,532.91,62.42999999999995,62.860000000000014,1,1,1.0
518,2,773.99,600.23,36.66999999999996,17.67999999999995,1,1,1.0
518,3,773.88,562.06,34.690000000000055,33.610000000000014,1,1,1.0
519,1,854.01,533.41,62.430000000000064,62.870000000000005,1,1,1.0
519,2,772.49,600.78,36.66999999999996,17.680000000000064,1,1,1.0
519,3,772.39,562.6,34.690000000000055,33.620000000000005,1,1,1.0
520,1,852.56,533.91,62.430000000000064,62.870000000000005,1,1,1.0
520,2,770.99,601.34,36.67999999999995,17.67999999999995,1,1,1.0
520,3,770.9,563.14,34.690000000000055,33.620000000000005,1,1,1.0
521,1,851.12,534.42,62.42999999999995,62.870000000000005,1,1,1.0
521,2,769.5,601.89,36.66999999999996,17.680000000000064,1,1,1.0
521,3,769.41,563.69,34.690000000000055,33.6099999999999,1,1,1.0
522,1,849.68,534.92,62.430000000000064,62.870000000000005,1,1,1.0
522,2,768.0,602.45,36.66999999999996,17.67999999999995,1,1,1.0
522,3,767.92,564.23,34.700000000000045,33.620000000000005,1,1,1.0
523,1,848.23,535.43,62.42999999999995,62.860000000000014,1,1,1.0
523,2,766.5,603.0,36.66999999999996,17.67999999999995,1,1,1.0
523,3,766.44,564.77,34.68999999999994,33.620000000000005,1,1,1.0
524,1,846.79,535.93,62.430000000000064,62.870000000000005,1,1,1.0
524,2,765.0,603.56,36.67999999999995,17.680000000000064,1,1,1.0
524,3,764.95,565.32,34.68999999999994,33.6099999999999,1,1,1.0
525,1,845.35,536.43,62.42999999999995,62.870000000000005,1,1,1.0
525,2,763.51,604.11,36.66999999999996,17.67999999999995,1,1,1.0
525,3,763.46,565.86,34.68999999999994,33.610000000000014,1,1,1.0
526,1,843.9,536.94,62.430000000000064,62.86999999999989,1,1,1.0
526,2,762.01,604.67,36.66999999999996,17.680000000000064,1,1,1.0
526,3,761.97,566.4,34.68999999999994,33.620000000000005,1,1,1.0
527,1,842.46,537.44,62.42999999999995,62.86999999999989,1,1,1.0
527,2,760.51,605.22,36.66999999999996,17.67999999999995,1,1,1.0
527,3,760.48,566.94,34.68999999999994,33.61999999999989,1,1,1.0
528,1,841.02,537.95,62.430000000000064,62.870000000000005,1,1,1.0
528,2,759.01,605.78,36.680000000000064,17.680000000000064,1,1,1.0
528,3,758.99,567.49,34.700000000000045,33.610000000000014,1,1,1.0
529,1,839.57,538.45,62.42999999999995,62.870000000000005,1,1,1.0
529,2,757.52,606.33,36.67000000000007,17.68999999999994,1,1,1.0
529,3,757.51,568.03,34.690000000000055,33.620000000000005,1,1,1.0
530,1,838.13,538.96,62.42999999999995,62.860000000000014,1,1,1.0
530,2,756.02,606.89,36.67000000000007,17.680000000000064,1,1,1.0
530,3,756.02,568.57,34.690000000000055,33.620000000000005,1,1,1.0
531,1,837.84,538.48,62.42999999999995,62.870000000000005,1,1,1.0
531,2,755.72,606.38,36.67999999999995,17.67999999999995,1,1,1.0
531,3,755.73,568.05,34.68999999999994,33.610000000000014,1,1,1.0
532,1,837.55,538.01,62.430000000000064,62.870000000000005,1,1,1.0
532,2,755.42,605.87,36.680000000000064,17.67999999999995,1,1,1.0
532,3,755.44,567.53,34.68999999999994,33.610000000000014,1,1,1.0
533,1,837.27,537.54,62.430000000000064,62.860000000000014,1,1,1.0
533,2,755.13,605.35,36.66999999999996,17.68999999999994,1,1,1.0
533,3,755.15,567.0,34.690000000000055,33.620000000000005,1,1,1.0
534,1,836.98,537.06,62.42999999999995,62.870000000000005,1,1,1.0
534,2,754.83,604.84,36.66999999999996,17.67999999999995,1,1,1.0
534,3,754.86,566.48,34.68999999999994,33.610000000000014,1,1,1.0
535,1,836.69,536.59,62.42999999999995,62.870000000000005,1,1,1.0
535,2,754.53,604.33,36.680000000000064,17.67999999999995,1,1,1.0
535,3,754.57,565.95,34.69999999999993,33.620000000000005,1,1,1.0
536,1,836.4,536.11,62.430000000000064,62.870000000000005,1,1,1.0
536,2,754.24,603.82,36.66999999999996,17.67999999999995,1,1,1.0
536,3,754.29,565.43,34.690000000000055,33.620000000000005,1,1,1.0
537,1,836.11,535.64,62.43999999999994,62.870000000000005,1,1,1.0
537,2,753.94,603.31,36.66999999999996,17.680000000000064,1,1,1.0
537,3,754.0,564.91,34.690000000000055,33.610000000000014,1,1,1.0
538,1,835.83,535.17,62.42999999999995,62.870000000000005,1,1,1.0
538,2,753.64,602.8,36.66999999999996,17.680000000000064,1,1,1.0
538,3,753.71,564.38,34.68999999999994,33.620000000000005,1,1,1.0
539,1,835.54,534.69,62.430000000000064,62.86999999999989,1,1,1.0
539,2,753.34,602.29,36.67999999999995,17.680000000000064,1,1,1.0
539,3,753.42,563.86,34.690000000000055,33.610000000000014,1,1,1.0
540,1,835.25,534.22,62.42999999999995,62.870000000000005,1,1,1.0
540,2,753.05,601.77,36.67000000000007,17.690000000000055,1,1,1.0
540,3,753.13,563.34,34.690000000000055,33.610000000000014,1,1,1.0
541,1,835.52,533.26,62.430000000000064,62.870000000000005,1,1,1.0
541,2,753.33,600.8,36.67999999999995,17.690000000000055,1,1,1.0
541,3,753.42,562.35,34.690000000000055,33.610000000000014,1,1,1.0
542,1,835.78,532.29,62.430000000000064,62.870000000000005,1,1,1.0
542,2,753.62,599.83,36.67999999999995,17.67999999999995,1,1,1.0
542,3,753.71,561.36,34.68999999999994,33.610000000000014,1,1,1.0
543,1,836.05,531.33,62.430000000000064,62.870000000000005,1,1,1.0
543,2,753.91,598.86,36.680000000000064,17.67999999999995,1,1,1.0
543,3,754.0,560.37,34.690000000000055,33.610000000000014,1,1,1.0
544,1,836.31,530.37,62.430000000000064,62.870000000000005,1,1,1.0
544,2,754.2,597.89,36.67999999999995,17.680000000000064,1,1,1.0
544,3,754.29,559.38,34.690000000000055,33.610000000000014,1,1,1.0
545,1,836.58,529.4,62.42999999999995,62.870000000000005,1,1,1.0
545,2,754.49,596.92,36.66999999999996,17.680000000000064,1,1,1.0
545,3,754.58,558.39,34.68999999999994,33.620000000000005,1,1,1.0
546,1,836.84,528.44,62.42999999999995,62.86999999999989,1,1,1.0
546,2,754.78,595.95,36.67000000000007,17.67999999999995,1,1,1.0
546,3,754.87,557.4,34.68999999999994,33.620000000000005,1,1,1.0
547,1,837.11,527.48,62.42999999999995,62.870000000000005,1,1,1.0
547,2,755.07,594.98,36.66999999999996,17.67999999999995,1,1,1.0
547,3,755.16,556.41,34.690000000000055,33.620000000000005,1,1,1.0
548,1,837.37,526.51,62.42999999999995,62.870000000000005,1,1,1.0
548,2,755.36,594.01,36.66999999999996,17.680000000000064,1,1,1.0
548,3,755.45,555.42,34.68999999999994,33.620000000000005,1,1,1.0
549,1,837.64,525.55,62.430000000000064,62.870000000000005,1,1,1.0
549,2,755.65,593.04,36.67000000000007,17.680000000000064,1,1,1.0
549,3,755.74,554.43,34.68999999999994,33.620000000000005,1,1,1.0
550,1,837.9,524.59,62.430000000000064,62.870000000000005,1,1,1.0
550,2,755.94,592.07,36.66999999999996,17.67999999999995,1,1,1.0
550,3,756.03,553.45,34.690000000000055,33.6099999999999,1,1,1.0
551,1,838.17,523.62,62.430000000000064,62.870000000000005,1,1,1.0
551,2,756.23,591.1,36.66999999999996,17.67999999999995,1,1,1.0
551,3,756.32,552.46,34.68999999999994,33.610000000000014,1,1,1.0
552,1,838.43,522.66,62.430000000000064,62.870000000000005,1,1,1.0
552,2,756.51,590.13,36.680000000000064,17.67999999999995,1,1,1.0
552,3,756.61,551.47,34.68999999999994,33.610000000000014,1,1,1.0
553,1,838.7,521.7,62.42999999999995,62.870000000000005,1,1,1.0
553,2,756.8,589.16,36.680000000000064,17.680000000000064,1,1,1.0
553,3,756.9,550.48,34.690000000000055,33.610000000000014,1,1,1.0
554,1,838.96,520.73,62.43999999999994,62.870000000000005,1,1,1.0
554,2,757.09,588.19,36.67999999999995,17.67999999999995,1,1,1.0
554,3,757.19,549.49,34.68999999999994,33.610000000000014,1,1,1.0
555,1,839.23,519.77,62.42999999999995,62.870000000000005,1,1,1.0
555,2,757.38,587.21,36.66999999999996,17.68999999999994,1,1,1.0
555,3,757.48,548.5,34.68999999999994,33.620000000000005,1,1,1.0
556,1,839.49,518.81,62.43999999999994,62.870000000000005,1,1,1.0
556,2,757.67,586.24,36.67000000000007,17.68999999999994,1,1,1.0
556,3,757.77,547.51,34.690000000000055,33.620000000000005,1,1,1.0
557,1,839.76,517.84,62.430000000000064,62.870000000000005,1,1,1.0
557,2,757.96,585.27,36.66999999999996,17.680000000000064,1,1,1.0
557,3,758.06,546.52,34.690000000000055,33.620000000000005,1,1,1.0
558,1,840.02,516.88,62.440000000000055,62.870000000000005,1,1,1.0
558,2,758.25,584.3,36.66999999999996,17.680000000000064,1,1,1.0
558,3,758.35,545.53,34.68999999999994,33.620000000000005,1,1,1.0
559,1,840.29,515.92,62.430000000000064,62.870000000000005,1,1,1.0
559,2,758.54,583.33,36.67000000000007,17.67999999999995,1,1,1.0
559,3,758.64,544.54,34.690000000000055,33.620000000000005,1,1,1.0
560,1,841.84,515.26,62.43999999999994,62.870000000000005,1,1,1.0
560,2,759.98,582.58,36.67999999999995,17.68999999999994,1,1,1.0
560,3,760.26,543.87,34.690000000000055,33.610000000000014,1,1,1.0
561,1,843.4,514.61,62.430000000000064,62.870000000000005,1,1,1.0
561,2,761.43,581.84,36.67000000000007,17.67999999999995,1,1,1.0
561,3,761.89,543.19,34.690000000000055,33.6099999999999,1,1,1.0
562,1,844.95,513.96,62.42999999999995,62.870000000000005,1,1,1.0
562,2,762.87,581.09,36.67999999999995,17.67999999999995,1,1,1.0
562,3,763.51,542.51,34.690000000000055,33.620000000000005,1,1,1.0
563,1,846.51,513.31,62.430000000000064,62.870000000000005,1,1,1.0
563,2,764.32,580.34,36.66999999999996,17.67999999999995,1,1,1.0
563,3,765.13,541.83,34.690000000000055,33.620000000000005,1,1,1.0
564,1,848.06,512.66,62.430000000000064,62.860000000000014,1,1,1.0
564,2,765.76,579.59,36.66999999999996,17.67999999999995,1,1,1.0
564,3,766.76,541.16,34.690000000000055,33.610000000000014,1,1,1.0
565,1,849.62,512.0,62.42999999999995,62.870000000000005,1,1,1.0
565,2,767.21,578.84,36.66999999999996,17.67999999999995,1,1,1.0
565,3,768.38,540.48,34.690000000000055,33.610000000000014,1,1,1.0
566,1,851.17,511.35,62.430000000000064,62.870000000000005,1,1,1.0
566,2,768.65,578.09,36.67000000000007,17.68999999999994,1,1,1.0
566,3,770.0,539.8,34.690000000000055,33.610000000000014,1,1,1.0
567,1,852.72,510.7,62.43999999999994,62.87000000000006,1,1,1.0
567,2,770.1,577.35,36.66999999999996,17.67999999999995,1,1,1.0
567,3,771.63,539.12,34.690000000000055,33.620000000000005,1,1,1.0
568,1,854.28,510.05,62.430000000000064,62.85999999999996,1,1,1.0
568,2,771.54,576.6,36.67000000000007,17.67999999999995,1,1,1.0
568,3,773.25,538.44,34.690000000000055,33.61999999999989,1,1,1.0
569,1,855.83,509.39,62.42999999999995,62.870000000000005,1,1,1.0
569,2,772.99,575.85,36.66999999999996,17.67999999999995,1,1,1.0
569,3,774.87,537.77,34.68999999999994,33.610000000000014,1,1,1.0
570,1,858.43,508.62,62.440000000000055,62.870000000000005,1,1,1.0
570,2,775.67,575.08,36.67000000000007,17.67999999999995,1,1,1.0
570,3,777.46,536.96,34.68999999999994,33.620000000000005,1,1,1.0
571,1,861.04,507.85,62.430000000000064,62.870000000000005,1,1,1.0
571,2,778.35,574.31,36.66999999999996,17.680000000000064,1,1,1.0
571,3,780.04,536.16,34.690000000000055,33.620000000000005,1,1,1.0
572,1,863.64,507.08,62.430000000000064,62.87000000000006,1,1,1.0
572,2,781.02,573.54,36.680000000000064,17.690000000000055,1,1,1.0
572,3,782.62,535.36,34.68999999999994,33.610000000000014,1,1,1.0
573,1,866.24,506.31,62.42999999999995,62.85999999999996,1,1,1.0
573,2,783.7,572.78,36.67999999999995,17.680000000000064,1,1,1.0
573,3,785.21,534.56,34.68999999999994,33.610000000000014,1,1,1.0
574,1,868.85,505.53,62.42999999999995,62.870000000000005,1,1,1.0
574,2,786.38,572.01,36.67999999999995,17.680000000000064,1,1,1.0
574,3,787.79,533.75,34.690000000000055,33.620000000000005,1,1,1.0
575,1,871.45,504.76,62.42999999999995,62.870000000000005,1,1,1.0
575,2,789.06,571.24,36.680000000000064,17.67999999999995,1,1,1.0
575,3,790.37,532.95,34.700000000000045,33.620000000000005,1,1,1.0
576,1,874.05,503.99,62.430000000000064,62.870000000000005,1,1,1.0
576,2,791.74,570.47,36.67999999999995,17.67999999999995,1,1,1.0
576,3,792.96,532.15,34.68999999999994,33.610000000000014,1,1,1.0
577,1,876.65,503.22,62.430000000000064,62.870000000000005,1,1,1.0
577,2,794.42,569.7,36.680000000000064,17.67999999999995,1,1,1.0
577,3,795.54,531.35,34.690000000000055,33.610000000000014,1,1,1.0
578,1,879.26,502.45,62.430000000000064,62.85999999999996,1,1,1.0
578,2,797.1,568.93,36.67999999999995,17.690000000000055,1,1,1.0
578,3,798.12,530.54,34.700000000000045,33.620000000000005,1,1,1.0
579,1,881.86,501.67,62.42999999999995,62.86999999999995,1,1,1.0
579,2,799.78,568.17,36.680000000000064,17.680000000000064,1,1,1.0
579,3,800.71,529.74,34.68999999999994,33.610000000000014,1,1,1.0
580,1,884.46,500.9,62.42999999999995,62.870000000000005,1,1,1.0
580,2,802.46,567.4,36.67999999999995,17.680000000000064,1,1,1.0
580,3,803.29,528.94,34.690000000000055,33.6099999999999,1,1,1.0
581,1,887.06,500.13,62.440000000000055,62.870000000000005,1,1,1.0
581,2,805.14,566.63,36.680000000000064,17.67999999999995,1,1,1.0
581,3,805.88,528.13,34.690000000000055,33.620000000000005,1,1,1.0
582,1,889.67,499.36,62.430000000000064,62.870000000000005,1,1,1.0
582,2,807.82,565.86,36.67999999999995,17.67999999999995,1,1,1.0
582,3,808.46,527.33,34.68999999999994,33.620000000000005,1,1,1.0
583,1,892.27,498.59,62.430000000000064,62.86000000000007,1,1,1.0
583,2,810.5,565.09,36.67999999999995,17.67999999999995,1,1,1.0
583,3,811.04,526.53,34.690000000000055,33.610000000000014,1,1,1.0
584,1,894.87,497.81,62.42999999999995,62.86999999999995,1,1,1.0
584,2,813.18,564.32,36.680000000000064,17.68999999999994,1,1,1.0
584,3,813.63,525.73,34.690000000000055,33.610000000000014,1,1,1.0
585,1,897.47,497.04,62.43999999999994,62.86999999999995,1,1,1.0
585,2,815.86,563.56,36.67999999999995,17.680000000000064,1,1,1.0
585,3,816.21,524.92,34.68999999999994,33.620000000000005,1,1,1.0
586,1,900.08,496.27,62.42999999999995,62.870000000000005,1,1,1.0
586,2,818.54,562.79,36.680000000000064,17.680000000000064,1,1,1.0
586,3,818.79,524.12,34.700000000000045,33.620000000000005,1,1,1.0
587,1,902.68,495.5,62.430000000000064,62.870000000000005,1,1,1.0
587,2,821.22,562.02,36.67999999999995,17.680000000000064,1,1,1.0
587,3,821.38,523.32,34.690000000000055,33.6099999999999,1,1,1.0
588,1,905.28,494.73,62.430000000000064,62.870000000000005,1,1,1.0
588,2,823.9,561.25,36.680000000000064,17.67999999999995,1,1,1.0
588,3,823.96,522.52,34.68999999999994,33.610000000000014,1,1,1.0
589,1,907.88,493.96,62.440000000000055,62.86000000000007,1,1,1.0
589,2,826.58,560.48,36.67999999999995,17.67999999999995,1,1,1.0
589,3,826.54,521.71,34.700000000000045,33.620000000000005,1,1,1.0
590,1,910.49,493.18,62.42999999999995,62.86999999999995,1,1,1.0
590,2,829.26,559.71,36.680000000000064,17.68999999999994,1,1,1.0
590,3,829.13,520.91,34.690000000000055,33.620000000000005,1,1,1.0
591,1,913.09,492.41,62.42999999999995,62.86999999999995,1,1,1.0
591,2,831.94,558.95,36.67999999999995,17.67999999999995,1,1,1.0
591,3,831.71,520.11,34.68999999999994,33.610000000000014,1,1,1.0
592,1,916.05,491.76,62.430000000000064,62.870000000000005,1,1,1.0
592,2,834.48,558.29,36.66999999999996,17.680000000000064,1,1,1.0
592,3,834.64,519.64,34.690000000000055,33.620000000000005,1,1,1.0
593,1,919.0,491.11,62.440000000000055,62.870000000000005,1,1,1.0
593,2,837.02,557.64,36.67000000000007,17.680000000000064,1,1,1.0
593,3,837.57,519.17,34.68999999999994,33.620000000000005,1,1,1.0
594,1,921.96,490.46,62.42999999999995,62.87000000000006,1,1,1.0
594,2,839.56,556.99,36.67000000000007,17.67999999999995,1,1,1.0
594,3,840.5,518.7,34.690000000000055,33.620000000000005,1,1,1.0
595,1,924.92,489.81,62.430000000000064,62.86999999999995,1,1,1.0
595,2,842.09,556.33,36.67999999999995,17.67999999999995,1,1,1.0
595,3,843.43,518.24,34.690000000000055,33.610000000000014,1,1,1.0
596,1,926.28,489.27,62.430000000000064,62.860000000000014,1,1,1.0
596,2,843.53,555.88,36.680000000000064,17.67999999999995,1,1,1.0
596,3,844.87,517.67,34.68999999999994,33.610000000000014,1,1,1.0
597,1,927.64,488.72,62.430000000000064,62.860000000000014,1,1,1.0
597,2,844.97,555.43,36.67999999999995,17.680000000000064,1,1,1.0
597,3,846.3,517.1,34.690000000000055,33.610000000000014,1,1,1.0
598,1,929.0,488.17,62.42999999999995,62.85999999999996,1,1,1.0
598,2,846.42,554.97,36.67000000000007,17.67999999999995,1,1,1.0
598,3,847.73,516.53,34.69999999999993,33.620000000000005,1,1,1.0
599,1,930.36,487.62,62.42999999999995,62.860000000000014,1,1,1.0
599,2,847.86,554.52,36.66999999999996,17.680000000000064,1,1,1.0
599,3,849.17,515.96,34.690000000000055,33.620000000000005,1,1,1.0
600,1,931.72,487.07,62.42999999999995,62.87000000000006,1,1,1.0
600,2,849.3,554.06,36.67000000000007,17.690000000000055,1,1,1.0
600,3,850.6,515.4,34.68999999999994,33.610000000000014,1,1,1.0
601,1,933.08,486.52,62.42999999999995,62.870000000000005,1,1,1.0
601,2,850.74,553.61,36.66999999999996,17.67999999999995,1,1,1.0
601,3,852.03,514.83,34.700000000000045,33.610000000000014,1,1,1.0
602,1,934.44,485.97,62.42999999999995,62.870000000000005,1,1,1.0
602,2,852.18,553.16,36.67000000000007,17.680000000000064,1,1,1.0
602,3,853.47,514.26,34.68999999999994,33.610000000000014,1,1,1.0
603,1,935.8,485.42,62.430000000000064,62.86999999999995,1,1,1.0
603,2,853.62,552.7,36.66999999999996,17.67999999999995,1,1,1.0
603,3,854.9,513.69,34.690000000000055,33.61999999999989,1,1,1.0
604,1,937.16,484.87,62.430000000000064,62.870000000000005,1,1,1.0
604,2,855.06,552.25,36.67000000000007,17.67999999999995,1,1,1.0
604,3,856.34,513.12,34.68999999999994,33.620000000000005,1,1,1.0
605,1,938.52,484.32,62.440000000000055,62.87000000000006,1,1,1.0
605,2,856.5,551.79,36.66999999999996,17.690000000000055,1,1,1.0
605,3,857.77,512.56,34.690000000000055,33.610000000000014,1,1,1.0
606,1,939.88,483.77,62.440000000000055,62.870000000000005,1,1,1.0
606,2,857.94,551.34,36.66999999999996,17.67999999999995,1,1,1.0
606,3,859.2,511.99,34.68999999999994,33.610000000000014,1,1,1.0
607,1,941.74,482.97,62.42999999999995,62.860000000000014,1,1,1.0
607,2,859.82,550.31,36.67999999999995,17.690000000000055,1,1,1.0
607,3,861.0,511.13,34.690000000000055,33.610000000000014,1,1,1.0
608,1,943.59,482.16,62.42999999999995,62.86999999999995,1,1,1.0
608,2,861.71,549.29,36.66999999999996,17.680000000000064,1,1,1.0
608,3,862.79,510.27,34.690000000000055,33.620000000000005,1,1,1.0
609,1,945.45,481.36,62.42999999999995,62.870000000000005,1,1,1.0
609,2,863.59,548.26,36.66999999999996,17.680000000000064,1,1,1.0
609,3,864.58,509.41,34.68999999999994,33.61999999999995,1,1,1.0
610,1,947.3,480.56,62.430000000000064,62.85999999999996,1,1,1.0
610,2,865.47,547.24,36.67999999999995,17.67999999999995,1,1,1.0
610,3,866.37,508.55,34.68999999999994,33.61999999999995,1,1,1.0
611,1,949.15,479.75,62.440000000000055,62.870000000000005,1,1,1.0
611,2,867.36,546.21,36.66999999999996,17.67999999999995,1,1,1.0
611,3,868.16,507.69,34.700000000000045,33.61999999999995,1,1,1.0
612,1,951.01,478.95,62.430000000000064,62.87000000000006,1,1,1.0
612,2,869.24,545.19,36.66999999999996,17.67999999999995,1,1,1.0
612,3,869.96,506.84,34.68999999999994,33.61000000000007,1,1,1.0
613,1,952.02,478.82,62.430000000000064,62.87000000000006,1,1,1.0
613,2,870.26,545.05,36.66999999999996,17.680000000000064,1,1,1.0
613,3,870.98,506.71,34.68999999999994,33.61000000000007,1,1,1.0
614,1,953.02,478.69,62.440000000000055,62.86999999999995,1,1,1.0
614,2,871.28,544.92,36.67000000000007,17.680000000000064,1,1,1.0
614,3,872.01,506.58,34.690000000000055,33.61000000000007,1,1,1.0
615,1,954.03,478.56,62.430000000000064,62.86999999999995,1,1,1.0
615,2,872.3,544.78,36.67000000000007,17.690000000000055,1,1,1.0
615,3,873.03,506.45,34.690000000000055,33.60999999999996,1,1,1.0
616,1,955.04,478.43,62.430000000000064,62.86999999999995,1,1,1.0
616,2,873.32,544.65,36.66999999999996,17.680000000000064,1,1,1.0
616,3,874.05,506.31,34.700000000000045,33.61999999999995,1,1,1.0
617,1,956.05,478.3,62.430000000000064,62.85999999999996,1,1,1.0
617,2,874.34,544.52,36.66999999999996,17.680000000000064,1,1,1.0
617,3,875.08,506.18,34.68999999999994,33.61999999999995,1,1,1.0
618,1,957.06,478.17,62.430000000000064,62.85999999999996,1,1,1.0
618,2,875.35,544.38,36.67999999999995,17.67999999999995,1,1,1.0
618,3,876.1,506.05,34.69999999999993,33.61999999999995,1,1,1.0
619,1,958.07,478.04,62.42999999999995,62.85999999999996,1,1,1.0
619,2,876.37,544.25,36.67999999999995,17.67999999999995,1,1,1.0
619,3,877.13,505.92,34.690000000000055,33.61999999999995,1,1,1.0
620,1,959.08,477.91,62.42999999999995,62.85999999999996,1,1,1.0
620,2,877.39,544.12,36.66999999999996,17.67999999999995,1,1,1.0
620,3,878.15,505.79,34.690000000000055,33.61999999999995,1,1,1.0
621,1,960.08,477.78,62.42999999999995,62.860000000000014,1,1,1.0
621,2,878.41,543.98,36.67000000000007,17.67999999999995,1,1,1.0
621,3,879.18,505.66,34.690000000000055,33.61999999999995,1,1,1.0
622,1,961.09,477.65,62.42999999999995,62.860000000000014,1,1,1.0
622,2,879.43,543.85,36.67000000000007,17.67999999999995,1,1,1.0
622,3,880.2,505.53,34.68999999999994,33.620000000000005,1,1,1.0
623,1,962.1,477.52,62.42999999999995,62.860000000000014,1,1,1.0
623,2,880.45,543.71,36.66999999999996,17.68999999999994,1,1,1.0
623,3,881.23,505.4,34.68999999999994,33.620000000000005,1,1,1.0
624,1,963.11,477.39,62.42999999999995,62.860000000000014,1,1,1.0
624,2,881.47,543.58,36.66999999999996,17.67999999999995,1,1,1.0
624,3,882.25,505.27,34.690000000000055,33.620000000000005,1,1,1.0
625,1,964.12,477.26,62.42999999999995,62.860000000000014,1,1,1.0
625,2,882.49,543.45,36.66999999999996,17.67999999999995,1,1,1.0
625,3,883.28,505.14,34.690000000000055,33.620000000000005,1,1,1.0
626,1,965.13,477.13,62.42999999999995,62.860000000000014,1,1,1.0
626,2,883.5,543.31,36.67999999999995,17.680000000000064,1,1,1.0
626,3,884.3,505.01,34.690000000000055,33.620000000000005,1,1,1.0
627,1,966.13,477.0,62.43999999999994,62.860000000000014,1,1,1.0
627,2,884.52,543.18,36.680000000000064,17.680000000000064,1,1,1.0
627,3,885.32,504.88,34.69999999999993,33.620000000000005,1,1,1.0
628,1,967.14,476.87,62.42999999999995,62.860000000000014,1,1,1.0
628,2,885.54,543.04,36.680000000000064,17.690000000000055,1,1,1.0
628,3,886.35,504.75,34.68999999999994,33.620000000000005,1,1,1.0
629,1,968.15,476.74,62.42999999999995,62.860000000000014,1,1,1.0
629,2,886.56,542.91,36.67000000000007,17.680000000000064,1,1,1.0
629,3,887.37,504.62,34.700000000000045,33.620000000000005,1,1,1.0
630,1,969.16,476.61,62.42999999999995,62.860000000000014,1,1,1.0
630,2,887.58,542.78,36.66999999999996,17.680000000000064,1,1,1.0
630,3,888.4,504.49,34.690000000000055,33.620000000000005,1,1,1.0
631,1,970.17,476.48,62.42999999999995,62.860000000000014,1,1,1.0
631,2,888.6,542.64,36.66999999999996,17.690000000000055,1,1,1.0
631,3,889.42,504.36,34.690000000000055,33.620000000000005,1,1,1.0
632,1,971.18,476.35,62.42999999999995,62.860000000000014,1,1,1.0
632,2,889.62,542.51,36.66999999999996,17.680000000000064,1,1,1.0
632,3,890.45,504.23,34.68999999999994,33.620000000000005,1,1,1.0
633,1,972.18,476.22,62.43999999999994,62.860000000000014,1,1,1.0
633,2,890.64,542.38,36.66999999999996,17.67999999999995,1,1,1.0
633,3,891.47,504.1,34.68999999999994,33.610000000000014,1,1,1.0
634,1,973.19,476.09,62.429999999999836,62.86000000000007,1,1,1.0
634,2,891.66,542.24,36.67000000000007,17.67999999999995,1,1,1.0
634,3,892.5,503.97,34.690000000000055,33.610000000000014,1,1,1.0
635,1,974.2,475.96,62.430000000000064,62.86000000000007,1,1,1.0
635,2,892.67,542.11,36.680000000000064,17.67999999999995,1,1,1.0
635,3,893.52,503.84,34.690000000000055,33.61000000000007,1,1,1.0
636,1,975.21,475.83,62.430000000000064,62.86000000000007,1,1,1.0
636,2,893.69,541.97,36.67999999999995,17.68999999999994,1,1,1.0
636,3,894.55,503.71,34.690000000000055,33.61000000000007,1,1,1.0
637,1,976.22,475.7,62.430000000000064,62.85999999999996,1,1,1.0
637,2,894.71,541.84,36.66999999999996,17.67999999999995,1,1,1.0
637,3,895.57,503.58,34.68999999999994,33.61000000000007,1,1,1.0
638,1,977.71,475.31,62.430000000000064,62.86999999999995,1,1,1.0
638,2,896.14,541.45,36.680000000000064,17.68999999999994,1,1,1.0
638,3,897.03,503.2,34.690000000000055,33.60999999999996,1,1,1.0
639,1,979.2,474.93,62.430000000000064,62.86999999999995,1,1,1.0
639,2,897.58,541.07,36.66999999999996,17.67999999999995,1,1,1.0
639,3,898.49,502.81,34.68999999999994,33.61999999999995,1,1,1.0
640,1,980.69,474.55,62.429999999999836,62.86999999999995,1,1,1.0
640,2,899.01,540.68,36.66999999999996,17.680000000000064,1,1,1.0
640,3,899.95,502.43,34.68999999999994,33.61999999999995,1,1,1.0
641,1,982.18,474.16,62.42999999999995,62.86999999999995,1,1,1.0
641,2,900.44,540.3,36.66999999999996,17.680000000000064,1,1,1.0
641,3,901.41,502.05,34.700000000000045,33.60999999999996,1,1,1.0
642,1,983.67,473.78,62.42999999999995,62.870000000000005,1,1,1.0
642,2,901.87,539.91,36.67999999999995,17.680000000000064,1,1,1.0
642,3,902.87,501.66,34.700000000000045,33.61999999999995,1,1,1.0
643,1,985.16,473.4,62.42999999999995,62.870000000000005,1,1,1.0
643,2,903.31,539.52,36.67000000000007,17.680000000000064,1,1,1.0
643,3,904.34,501.28,34.68999999999994,33.620000000000005,1,1,1.0
644,1,986.65,473.02,62.42999999999995,62.860000000000014,1,1,1.0
644,2,904.74,539.14,36.66999999999996,17.680000000000064,1,1,1.0
644,3,905.8,500.9,34.690000000000055,33.610000000000014,1,1,1.0
645,1,988.14,472.63,62.42999999999995,62.870000000000005,1,1,1.0
645,2,906.17,538.75,36.67000000000007,17.67999999999995,1,1,1.0
645,3,907.26,500.52,34.690000000000055,33.610000000000014,1,1,1.0
646,1,989.63,472.25,62.42999999999995,62.870000000000005,1,1,1.0
646,2,907.6,538.36,36.67999999999995,17.68999999999994,1,1,1.0
646,3,908.72,500.13,34.68999999999994,33.620000000000005,1,1,1.0
647,1,991.12,471.87,62.43999999999994,62.870000000000005,1,1,1.0
647,2,909.03,537.98,36.680000000000064,17.67999999999995,1,1,1.0
647,3,910.18,499.75,34.690000000000055,33.620000000000005,1,1,1.0
648,1,992.61,471.49,62.43999999999994,62.860000000000014,1,1,1.0
648,2,910.47,537.59,36.66999999999996,17.67999999999995,1,1,1.0
648,3,911.64,499.37,34.690000000000055,33.610000000000014,1,1,1.0
649,1,994.11,471.1,62.42999999999995,62.870000000000005,1,1,1.0
649,2,911.9,537.2,36.67000000000007,17.68999999999994,1,1,1.0
649,3,913.1,498.98,34.68999999999994,33.620000000000005,1,1,1.0
650,1,995.6,470.72,62.42999999999995,62.870000000000005,1,1,1.0
650,2,913.33,536.82,36.66999999999996,17.67999999999995,1,1,1.0
650,3,914.56,498.6,34.690000000000055,33.620000000000005,1,1,1.0
651,1,997.09,470.34,62.42999999999995,62.87000000000006,1,1,1.0
651,2,914.76,536.43,36.680000000000064,17.680000000000064,1,1,1.0
651,3,916.02,498.22,34.690000000000055,33.610000000000014,1,1,1.0
652,1,998.58,469.96,62.42999999999995,62.86000000000007,1,1,1.0
652,2,916.2,536.05,36.66999999999996,17.680000000000064,1,1,1.0
652,3,917.48,497.84,34.68999999999994,33.61000000000007,1,1,1.0
653,1,1000.07,469.57,62.42999999999995,62.87000000000006,1,1,1.0
653,2,917.63,535.66,36.66999999999996,17.680000000000064,1,1,1.0
653,3,918.94,497.45,34.69999999999993,33.62000000000006,1,1,1.0
654,1,1001.56,469.19,62.430000000000064,62.86999999999995,1,1,1.0
654,2,919.06,535.27,36.67000000000007,17.680000000000064,1,1,1.0
654,3,920.4,497.07,34.700000000000045,33.62000000000006,1,1,1.0
655,1,1003.05,468.81,62.430000000000064,62.86999999999995,1,1,1.0
655,2,920.49,534.89,36.67999999999995,17.680000000000064,1,1,1.0
655,3,921.87,496.69,34.68999999999994,33.60999999999996,1,1,1.0
656,1,1004.54,468.43,62.430000000000064,62.85999999999996,1,1,1.0
656,2,921.92,534.5,36.680000000000064,17.67999999999995,1,1,1.0
656,3,923.33,496.3,34.68999999999994,33.61999999999995,1,1,1.0
657,1,1006.03,468.04,62.430000000000064,62.86999999999995,1,1,1.0
657,2,923.36,534.11,36.66999999999996,17.67999999999995,1,1,1.0
657,3,924.79,495.92,34.690000000000055,33.61999999999995,1,1,1.0
658,1,1007.52,467.66,62.430000000000064,62.86999999999995,1,1,1.0
658,2,924.79,533.73,36.67000000000007,17.67999999999995,1,1,1.0
658,3,926.25,495.54,34.690000000000055,33.60999999999996,1,1,1.0
659,1,1009.01,467.28,62.430000000000064,62.870000000000005,1,1,1.0
659,2,926.22,533.34,36.66999999999996,17.67999999999995,1,1,1.0
659,3,927.71,495.16,34.68999999999994,33.60999999999996,1,1,1.0
660,1,1010.5,466.89,62.430000000000064,62.870000000000005,1,1,1.0
660,2,927.65,532.95,36.680000000000064,17.68999999999994,1,1,1.0
660,3,929.17,494.77,34.690000000000055,33.620000000000005,1,1,1.0
661,1,1011.99,466.51,62.430000000000064,62.870000000000005,1,1,1.0
661,2,929.09,532.57,36.66999999999996,17.67999999999995,1,1,1.0
661,3,930.63,494.39,34.690000000000055,33.620000000000005,1,1,1.0
662,1,1013.48,466.13,62.430000000000064,62.870000000000005,1,1,1.0
662,2,930.52,532.18,36.67000000000007,17.680000000000064,1,1,1.0
662,3,932.09,494.01,34.68999999999994,33.610000000000014,1,1,1.0
663,1,1014.97,465.75,62.440000000000055,62.870000000000005,1,1,1.0
663,2,931.95,531.79,36.66999999999996,17.690000000000055,1,1,1.0
663,3,933.55,493.62,34.690000000000055,33.620000000000005,1,1,1.0
664,1,1015.95,465.53,62.440000000000055,62.870000000000005,1,1,1.0
664,2,932.99,531.61,36.66999999999996,17.67999999999995,1,1,1.0
664,3,934.52,493.51,34.690000000000055,33.610000000000014,1,1,1.0
665,1,1016.93,465.32,62.43999999999994,62.87000000000006,1,1,1.0
665,2,934.03,531.42,36.67000000000007,17.680000000000064,1,1,1.0
665,3,935.49,493.4,34.68999999999994,33.610000000000014,1,1,1.0
666,1,1017.92,465.11,62.42999999999995,62.870000000000005,1,1,1.0
666,2,935.07,531.23,36.66999999999996,17.67999999999995,1,1,1.0
666,3,936.46,493.28,34.68999999999994,33.610000000000014,1,1,1.0
667,1,1018.9,464.9,62.42999999999995,62.860000000000014,1,1,1.0
667,2,936.11,531.05,36.66999999999996,17.680000000000064,1,1,1.0
667,3,937.42,493.17,34.690000000000055,33.60999999999996,1,1,1.0
668,1,1019.88,464.68,62.42999999999995,62.86999999999995,1,1,1.0
668,2,937.15,530.86,36.67000000000007,17.67999999999995,1,1,1.0
668,3,938.39,493.05,34.690000000000055,33.61999999999995,1,1,1.0
669,1,1020.86,464.47,62.42999999999995,62.870000000000005,1,1,1.0
669,2,938.19,530.67,36.66999999999996,17.680000000000064,1,1,1.0
669,3,939.36,492.94,34.68999999999994,33.60999999999996,1,1,1.0
670,1,1021.84,464.26,62.42999999999995,62.870000000000005,1,1,1.0
670,2,939.23,530.48,36.66999999999996,17.67999999999995,1,1,1.0
670,3,940.33,492.82,34.68999999999994,33.62000000000006,1,1,1.0
671,1,1022.82,464.05,62.42999999999995,62.85999999999996,1,1,1.0
671,2,940.27,530.3,36.67000000000007,17.680000000000064,1,1,1.0
671,3,941.29,492.71,34.700000000000045,33.61000000000007,1,1,1.0
672,1,1023.8,463.83,62.430000000000064,62.87000000000006,1,1,1.0
672,2,941.31,530.11,36.67000000000007,17.67999999999995,1,1,1.0
672,3,942.26,492.59,34.690000000000055,33.62000000000006,1,1,1.0
673,1,1024.78,463.62,62.430000000000064,62.870000000000005,1,1,1.0
673,2,942.35,529.92,36.66999999999996,17.680000000000064,1,1,1.0
673,3,943.23,492.48,34.68999999999994,33.610000000000014,1,1,1.0
674,1,1025.76,463.41,62.430000000000064,62.86999999999995,1,1,1.0
674,2,943.38,529.73,36.67999999999995,17.67999999999995,1,1,1.0
674,3,944.2,492.36,34.68999999999994,33.620000000000005,1,1,1.0
675,1,1026.74,463.2,62.430000000000064,62.85999999999996,1,1,1.0
675,2,944.42,529.55,36.680000000000064,17.680000000000064,1,1,1.0
675,3,945.16,492.25,34.700000000000045,33.610000000000014,1,1,1.0
676,1,1027.72,462.98,62.430000000000064,62.870000000000005,1,1,1.0
676,2,945.46,529.36,36.67999999999995,17.67999999999995,1,1,1.0
676,3,946.13,492.13,34.690000000000055,33.620000000000005,1,1,1.0
677,1,1028.7,462.77,62.430000000000064,62.870000000000005,1,1,1.0
677,2,946.5,529.17,36.67999999999995,17.680000000000064,1,1,1.0
677,3,947.1,492.02,34.68999999999994,33.610000000000014,1,1,1.0
678,1,1029.81,462.53,62.430000000000064,62.870000000000005,1,1,1.0
678,2,947.56,528.91,36.680000000000064,17.680000000000064,1,1,1.0
678,3,948.18,491.74,34.690000000000055,33.620000000000005,1,1,1.0
679,1,1030.92,462.29,62.429999999999836,62.85999999999996,1,1,1.0
679,2,948.62,528.65,36.67999999999995,17.680000000000064,1,1,1.0
679,3,949.25,491.47,34.700000000000045,33.620000000000005,1,1,1.0
680,1,1032.03,462.04,62.430000000000064,62.86999999999995,1,1,1.0
680,2,949.68,528.39,36.680000000000064,17.690000000000055,1,1,1.0
680,3,950.33,491.2,34.68999999999994,33.60999999999996,1,1,1.0
681,1,1033.14,461.8,62.429999999999836,62.86999999999995,1,1,1.0
681,2,950.74,528.14,36.67999999999995,17.680000000000064,1,1,1.0
681,3,951.41,490.93,34.690000000000055,33.60999999999996,1,1,1.0
682,1,1034.24,461.56,62.440000000000055,62.86999999999995,1,1,1.0
682,2,951.8,527.88,36.680000000000064,17.67999999999995,1,1,1.0
682,3,952.49,490.65,34.68999999999994,33.620000000000005,1,1,1.0
683,1,1035.35,461.32,62.430000000000064,62.85999999999996,1,1,1.0
683,2,952.86,527.62,36.67999999999995,17.67999999999995,1,1,1.0
683,3,953.57,490.38,34.68999999999994,33.620000000000005,1,1,1.0
684,1,1036.46,461.07,62.430000000000064,62.87000000000006,1,1,1.0
684,2,953.93,527.36,36.67000000000007,17.67999999999995,1,1,1.0
684,3,954.64,490.11,34.690000000000055,33.610000000000014,1,1,1.0
685,1,1037.57,460.83,62.430000000000064,62.87000000000006,1,1,1.0
685,2,954.99,527.1,36.66999999999996,17.67999999999995,1,1,1.0
685,3,955.72,489.84,34.68999999999994,33.61000000000007,1,1,1.0
686,1,1038.68,460.59,62.429999999999836,62.87000000000006,1,1,1.0
686,2,956.05,526.84,36.67000000000007,17.67999999999995,1,1,1.0
686,3,956.8,489.56,34.690000000000055,33.61999999999995,1,1,1.0
687,1,1039.79,460.35,62.430000000000064,62.870000000000005,1,1,1.0
687,2,957.11,526.58,36.66999999999996,17.67999999999995,1,1,1.0
687,3,957.88,489.29,34.690000000000055,33.61999999999995,1,1,1.0
688,1,1040.9,460.11,62.429999999999836,62.860000000000014,1,1,1.0
688,2,958.17,526.32,36.67000000000007,17.68999999999994,1,1,1.0
688,3,958.95,489.02,34.68999999999994,33.610000000000014,1,1,1.0
689,1,1042.0,459.86,62.440000000000055,62.870000000000005,1,1,1.0
689,2,959.23,526.07,36.66999999999996,17.67999999999995,1,1,1.0
689,3,960.03,488.75,34.690000000000055,33.610000000000014,1,1,1.0
690,1,1043.11,459.62,62.430000000000064,62.870000000000005,1,1,1.0
690,2,960.29,525.81,36.67000000000007,17.680000000000064,1,1,1.0
690,3,961.11,488.47,34.68999999999994,33.620000000000005,1,1,1.0
691,1,1044.22,459.38,62.430000000000064,62.870000000000005,1,1,1.0
691,2,961.35,525.55,36.66999999999996,17.680000000000064,1,1,1.0
691,3,962.19,488.2,34.68999999999994,33.62000000000006,1,1,1.0
692,1,1045.33,459.14,62.430000000000064,62.860000000000014,1,1,1.0
692,2,962.41,525.29,36.67000000000007,17.680000000000064,1,1,1.0
692,3,963.26,487.93,34.700000000000045,33.60999999999996,1,1,1.0
693,1,1046.44,458.89,62.429999999999836,62.870000000000005,1,1,1.0
693,2,963.47,525.03,36.66999999999996,17.680000000000064,1,1,1.0
693,3,964.34,487.66,34.68999999999994,33.60999999999996,1,1,1.0
694,1,1047.55,458.65,62.430000000000064,62.870000000000005,1,1,1.0
694,2,964.53,524.77,36.67000000000007,17.680000000000064,1,1,1.0
694,3,965.42,487.39,34.690000000000055,33.610000000000014,1,1,1.0
695,1,1048.65,458.41,62.43999999999983,62.86999999999995,1,1,1.0
695,2,965.59,524.51,36.66999999999996,17.680000000000064,1,1,1.0
695,3,966.5,487.11,34.690000000000055,33.620000000000005,1,1,1.0
696,1,1049.76,458.17,62.430000000000064,62.85999999999996,1,1,1.0
696,2,966.65,524.25,36.67000000000007,17.690000000000055,1,1,1.0
696,3,967.57,486.84,34.69999999999993,33.62000000000006,1,1,1.0
697,1,1050.87,457.92,62.430000000000064,62.86999999999995,1,1,1.0
697,2,967.71,524.0,36.66999999999996,17.67999999999995,1,1,1.0
697,3,968.65,486.57,34.690000000000055,33.60999999999996,1,1,1.0
698,1,1051.98,457.68,62.430000000000064,62.86999999999995,1,1,1.0
698,2,968.77,523.74,36.67000000000007,17.67999999999995,1,1,1.0
698,3,969.73,486.3,34.68999999999994,33.60999999999996,1,1,1.0
699,1,1053.09,457.44,62.430000000000064,62.86999999999995,1,1,1.0
699,2,969.83,523.48,36.66999999999996,17.67999999999995,1,1,1.0
699,3,970.81,486.02,34.690000000000055,33.620000000000005,1,1,1.0
700,1,1054.2,457.2,62.430000000000064,62.87000000000006,1,1,1.0
700,2,970.89,523.22,36.66999999999996,17.67999999999995,1,1,1.0
700,3,971.88,485.75,34.700000000000045,33.620000000000005,1,1,1.0
701,1,1055.31,456.96,62.430000000000064,62.86000000000007,1,1,1.0
701,2,971.95,522.96,36.66999999999996,17.67999999999995,1,1,1.0
701,3,972.96,485.48,34.68999999999994,33.610000000000014,1,1,1.0
702,1,1056.41,456.71,62.43999999999983,62.87000000000006,1,1,1.0
702,2,973.01,522.7,36.66999999999996,17.67999999999995,1,1,1.0
702,3,974.04,485.21,34.690000000000055,33.61000000000007,1,1,1.0
703,1,1057.52,456.47,62.430000000000064,62.870000000000005,1,1,1.0
703,2,974.07,522.44,36.66999999999996,17.67999999999995,1,1,1.0
703,3,975.12,484.93,34.68999999999994,33.61999999999995,1,1,1.0
704,1,1058.63,456.23,62.429999999999836,62.870000000000005,1,1,1.0
704,2,975.13,522.18,36.67999999999995,17.690000000000055,1,1,1.0
704,3,976.2,484.66,34.68999999999994,33.61999999999995,1,1,1.0
705,1,1059.74,455.99,62.430000000000064,62.860000000000014,1,1,1.0
705,2,976.19,521.92,36.67999999999995,17.690000000000055,1,1,1.0
705,3,977.27,484.39,34.690000000000055,33.610000000000014,1,1,1.0
706,1,1060.85,455.74,62.430000000000064,62.870000000000005,1,1,1.0
706,2,977.25,521.67,36.67999999999995,17.680000000000064,1,1,1.0
706,3,978.35,484.12,34.68999999999994,33.610000000000014,1,1,1.0
707,1,1061.96,455.5,62.430000000000064,62.870000000000005,1,1,1.0
707,2,978.31,521.41,36.680000000000064,17.680000000000064,1,1,1.0
707,3,979.43,483.84,34.690000000000055,33.62000000000006,1,1,1.0
708,1,1063.06,455.26,62.440000000000055,62.870000000000005,1,1,1.0
708,2,979.37,521.15,36.67999999999995,17.680000000000064,1,1,1.0
708,3,980.51,483.57,34.690000000000055,33.62000000000006,1,1,1.0
709,1,1064.17,455.02,62.429999999999836,62.860000000000014,1,1,1.0
709,2,980.43,520.89,36.680000000000064,17.680000000000064,1,1,1.0
709,3,981.58,483.3,34.68999999999994,33.60999999999996,1,1,1.0
710,1,1065.28,454.77,62.430000000000064,62.870000000000005,1,1,1.0
710,2,981.49,520.63,36.67999999999995,17.67999999999995,1,1,1.0
710,3,982.66,483.03,34.690000000000055,33.610000000000014,1,1,1.0
711,1,1066.39,454.53,62.429999999999836,62.870000000000005,1,1,1.0
711,2,982.55,520.37,36.680000000000064,17.67999999999995,1,1,1.0
711,3,983.74,482.75,34.68999999999994,33.620000000000005,1,1,1.0
712,1,1067.5,454.29,62.430000000000064,62.86999999999995,1,1,1.0
712,2,983.61,520.11,36.67999999999995,17.67999999999995,1,1,1.0
712,3,984.82,482.48,34.68999999999994,33.620000000000005,1,1,1.0
713,1,1068.61,454.05,62.430000000000064,62.86999999999995,1,1,1.0
713,2,984.68,519.85,36.67000000000007,17.68999999999994,1,1,1.0
713,3,985.89,482.21,34.700000000000045,33.61000000000007,1,1,1.0
714,1,1069.72,453.81,62.430000000000064,62.85999999999996,1,1,1.0
714,2,985.74,519.6,36.66999999999996,17.67999999999995,1,1,1.0
714,3,986.97,481.94,34.68999999999994,33.60999999999996,1,1,1.0
715,1,1070.82,453.56,62.430000000000064,62.86999999999995,1,1,1.0
715,2,986.8,519.34,36.67000000000007,17.67999999999995,1,1,1.0
715,3,988.05,481.67,34.690000000000055,33.60999999999996,1,1,1.0
716,1,1071.93,453.32,62.429999999999836,62.87000000000006,1,1,1.0
716,2,987.86,519.08,36.66999999999996,17.67999999999995,1,1,1.0
716,3,989.13,481.39,34.690000000000055,33.620000000000005,1,1,1.0
717,1,1073.04,453.08,62.430000000000064,62.87000000000006,1,1,1.0
717,2,988.92,518.82,36.66999999999996,17.67999999999995,1,1,1.0
717,3,990.2,481.12,34.700000000000045,33.620000000000005,1,1,1.0
718,1,1074.15,452.84,62.429999999999836,62.86000000000007,1,1,1.0
718,2,989.98,518.56,36.67000000000007,17.680000000000064,1,1,1.0
718,3,991.28,480.85,34.690000000000055,33.610000000000014,1,1,1.0
719,1,1075.26,452.59,62.430000000000064,62.87000000000006,1,1,1.0
719,2,991.04,518.3,36.67000000000007,17.680000000000064,1,1,1.0
719,3,992.36,480.58,34.68999999999994,33.61000000000007,1,1,1.0
720,1,1076.37,452.35,62.430000000000064,62.870000000000005,1,1,1.0
720,2,992.1,518.04,36.66999999999996,17.680000000000064,1,1,1.0
720,3,993.44,480.3,34.690000000000055,33.61999999999995,1,1,1.0
721,1,1077.47,452.11,62.440000000000055,62.870000000000005,1,1,1.0
721,2,993.16,517.78,36.66999999999996,17.690000000000055,1,1,1.0
721,3,994.51,480.03,34.700000000000045,33.620000000000005,1,1,1.0
722,1,1078.58,451.87,62.430000000000064,62.860000000000014,1,1,1.0
722,2,994.22,517.53,36.67000000000007,17.680000000000064,1,1,1.0
722,3,995.59,479.76,34.68999999999994,33.610000000000014,1,1,1.0
723,1,1079.69,451.62,62.429999999999836,62.870000000000005,1,1,1.0
723,2,995.28,517.27,36.67000000000007,17.680000000000064,1,1,1.0
723,3,996.67,479.49,34.68999999999994,33.610000000000014,1,1,1.0
724,1,1080.8,451.38,62.430000000000064,62.870000000000005,1,1,1.0
724,2,996.34,517.01,36.66999999999996,17.680000000000064,1,1,1.0
724,3,997.75,479.21,34.690000000000055,33.62000000000006,1,1,1.0
725,1,1081.91,451.14,62.429999999999836,62.870000000000005,1,1,1.0
725,2,997.4,516.75,36.66999999999996,17.67999999999995,1,1,1.0
725,3,998.82,478.94,34.69999999999993,33.61999999999995,1,1,1.0
726,1,1083.02,450.9,62.430000000000064,62.870000000000005,1,1,1.0
726,2,998.46,516.49,36.67000000000007,17.67999999999995,1,1,1.0
726,3,999.9,478.67,34.68999999999994,33.60999999999996,1,1,1.0
727,1,1084.12,450.66,62.440000000000055,62.85999999999996,1,1,1.0
727,2,999.52,516.23,36.67000000000007,17.67999999999995,1,1,1.0
727,3,1000.98,478.4,34.690000000000055,33.610000000000014,1,1,1.0
728,1,1085.23,450.41,62.430000000000064,62.86999999999995,1,1,1.0
728,2,1000.58,515.97,36.66999999999996,17.67999999999995,1,1,1.0
728,3,1002.06,478.12,34.690000000000055,33.620000000000005,1,1,1.0
729,1,1086.82,450.29,62.430000000000064,62.86999999999995,1,1,1.0
729,2,1002.24,515.84,36.67000000000007,17.67999999999995,1,1,1.0
729,3,1003.69,477.96,34.700000000000045,33.620000000000005,1,1,1.0
730,1,1088.41,450.17,62.429999999999836,62.86999999999995,1,1,1.0
730,2,1003.89,515.7,36.67999999999995,17.67999999999995,1,1,1.0
730,3,1005.33,477.8,34.68999999999994,33.620000000000005,1,1,1.0
731,1,1090.0,450.05,62.430000000000064,62.86999999999995,1,1,1.0
731,2,1005.55,515.56,36.680000000000064,17.680000000000064,1,1,1.0
731,3,1006.97,477.64,34.690000000000055,33.620000000000005,1,1,1.0
732,1,1091.59,449.93,62.430000000000064,62.86999999999995,1,1,1.0
732,2,1007.21,515.42,36.67000000000007,17.680000000000064,1,1,1.0
732,3,1008.6,477.48,34.68999999999994,33.620000000000005,1,1,1.0
733,1,1093.18,449.81,62.429999999999836,62.86999999999995,1,1,1.0
733,2,1008.87,515.29,36.66999999999996,17.680000000000064,1,1,1.0
733,3,1010.24,477.32,34.690000000000055,33.620000000000005,1,1,1.0
734,1,1094.76,449.69,62.440000000000055,62.86999999999995,1,1,1.0
734,2,1010.52,515.15,36.680000000000064,17.680000000000064,1,1,1.0
734,3,1011.88,477.16,34.68999999999994,33.61999999999995,1,1,1.0
735,1,1096.35,449.57,62.430000000000064,62.87000000000006,1,1,1.0
735,2,1012.18,515.01,36.67999999999995,17.680000000000064,1,1,1.0
735,3,1013.51,477.0,34.690000000000055,33.610000000000014,1,1,1.0
736,1,1097.94,449.45,62.429999999999836,62.87000000000006,1,1,1.0
736,2,1013.84,514.87,36.66999999999996,17.67999999999995,1,1,1.0
736,3,1015.15,476.84,34.68999999999994,33.610000000000014,1,1,1.0
737,1,1099.53,449.33,62.430000000000064,62.87000000000006,1,1,1.0
737,2,1015.5,514.74,36.67000000000007,17.67999999999995,1,1,1.0
737,3,1016.79,476.68,34.690000000000055,33.610000000000014,1,1,1.0
738,1,1101.12,449.21,62.430000000000064,62.87000000000006,1,1,1.0
738,2,1017.15,514.6,36.67999999999995,17.67999999999995,1,1,1.0
738,3,1018.42,476.52,34.68999999999994,33.610000000000014,1,1,1.0
739,1,1102.71,449.09,62.430000000000064,62.860000000000014,1,1,1.0
739,2,1018.81,514.46,36.67000000000007,17.67999999999995,1,1,1.0
739,3,1020.06,476.36,34.690000000000055,33.610000000000014,1,1,1.0
740,1,1104.3,448.97,62.430000000000064,62.85999999999996,1,1,1.0
740,2,1020.47,514.32,36.67000000000007,17.67999999999995,1,1,1.0
740,3,1021.69,476.2,34.700000000000045,33.610000000000014,1,1,1.0
741,1,1105.88,448.85,62.43999999999983,62.85999999999996,1,1,1.0
741,2,1022.13,514.19,36.66999999999996,17.67999999999995,1,1,1.0
741,3,1023.33,476.04,34.68999999999994,33.60999999999996,1,1,1.0
742,1,1107.47,448.73,62.430000000000064,62.85999999999996,1,1,1.0
742,2,1023.78,514.05,36.680000000000064,17.680000000000064,1,1,1.0
742,3,1024.97,475.88,34.690000000000055,33.610000000000014,1,1,1.0
743,1,1109.06,448.6,62.430000000000064,62.870000000000005,1,1,1.0
743,2,1025.44,513.91,36.669999999999845,17.680000000000064,1,1,1.0
743,3,1026.6,475.71,34.700000000000045,33.620000000000005,1,1,1.0
744,1,1110.28,448.52,62.430000000000064,62.870000000000005,1,1,1.0
744,2,1026.58,513.85,36.680000000000064,17.67999999999995,1,1,1.0
744,3,1027.76,475.7,34.690000000000055,33.620000000000005,1,1,1.0
745,1,1111.5,448.44,62.440000000000055,62.860000000000014,1,1,1.0
745,2,1027.73,513.78,36.67000000000007,17.680000000000064,1,1,1.0
745,3,1028.92,475.69,34.68999999999983,33.610000000000014,1,1,1.0
746,1,1112.73,448.35,62.430000000000064,62.870000000000005,1,1,1.0
746,2,1028.87,513.72,36.67000000000007,17.67999999999995,1,1,1.0
746,3,1030.08,475.67,34.690000000000055,33.620000000000005,1,1,1.0
747,1,1113.95,448.27,62.430000000000064,62.870000000000005,1,1,1.0
747,2,1030.01,513.65,36.680000000000064,17.690000000000055,1,1,1.0
747,3,1031.24,475.66,34.690000000000055,33.60999999999996,1,1,1.0
748,1,1115.17,448.19,62.429999999999836,62.860000000000014,1,1,1.0
748,2,1031.16,513.59,36.669999999999845,17.67999999999995,1,1,1.0
748,3,1032.4,475.65,34.68999999999983,33.610000000000014,1,1,1.0
749,1,1116.39,448.1,62.429999999999836,62.870000000000005,1,1,1.0
749,2,1032.3,513.53,36.67000000000007,17.680000000000064,1,1,1.0
749,3,1033.56,475.63,34.690000000000055,33.620000000000005,1,1,1.0
750,1,1117.61,448.02,62.430000000000064,62.870000000000005,1,1,1.0
750,2,1033.45,513.46,36.669999999999845,17.67999999999995,1,1,1.0
750,3,1034.72,475.62,34.690000000000055,33.610000000000014,1,1,1.0
751,1,1118.83,447.93,62.430000000000064,62.870000000000005,1,1,1.0
751,2,1034.59,513.4,36.67000000000007,17.680000000000064,1,1,1.0
751,3,1035.88,475.61,34.68999999999983,33.610000000000014,1,1,1.0
752,1,1120.05,447.85,62.430000000000064,62.870000000000005,1,1,1.0
752,2,1035.73,513.33,36.67000000000007,17.68999999999994,1,1,1.0
752,3,1037.04,475.59,34.690000000000055,33.620000000000005,1,1,1.0
753,1,1121.27,447.77,62.440000000000055,62.860000000000014,1,1,1.0
753,2,1036.88,513.27,36.669999999999845,17.680000000000064,1,1,1.0
753,3,1038.19,475.58,34.700000000000045,33.610000000000014,1,1,1.0
754,1,1122.5,447.68,62.430000000000064,62.870000000000005,1,1,1.0
754,2,1038.02,513.21,36.67000000000007,17.67999999999995,1,1,1.0
754,3,1039.35,475.56,34.690000000000055,33.620000000000005,1,1,1.0
755,1,1123.72,447.6,62.430000000000064,62.870000000000005,1,1,1.0
755,2,1039.16,513.14,36.679999999999836,17.680000000000064,1,1,1.0
755,3,1040.51,475.55,34.690000000000055,33.620000000000005,1,1,1.0
756,1,1124.94,447.51,62.429999999999836,62.870000000000005,1,1,1.0
756,2,1040.31,513.08,36.67000000000007,17.67999999999995,1,1,1.0
756,3,1041.67,475.54,34.68999999999983,33.60999999999996,1,1,1.0
757,1,1126.16,447.43,62.429999999999836,62.870000000000005,1,1,1.0
757,2,1041.45,513.01,36.669999999999845,17.690000000000055,1,1,1.0
757,3,1042.83,475.52,34.690000000000055,33.620000000000005,1,1,1.0
758,1,1127.38,447.35,62.429999999999836,62.870000000000005,1,1,1.0
758,2,1042.59,512.95,36.680000000000064,17.67999999999995,1,1,1.0
758,3,1043.99,475.51,34.690000000000055,33.610000000000014,1,1,1.0
759,1,1128.6,447.26,62.430000000000064,62.870000000000005,1,1,1.0
759,2,1043.74,512.89,36.67000000000007,17.680000000000064,1,1,1.0
759,3,1045.15,475.5,34.68999999999983,33.610000000000014,1,1,1.0
760,1,1129.82,447.18,62.430000000000064,62.870000000000005,1,1,1.0
760,2,1044.88,512.82,36.669999999999845,17.67999999999995,1,1,1.0
760,3,1046.31,475.48,34.690000000000055,33.620000000000005,1,1,1.0
761,1,1130.19,446.59,62.429999999999836,62.870000000000005,1,1,1.0
761,2,1045.28,512.21,36.67000000000007,17.67999999999995,1,1,1.0
761,3,1046.66,474.84,34.68999999999983,33.620000000000005,1,1,1.0
762,1,1130.56,445.99,62.430000000000064,62.870000000000005,1,1,1.0
762,2,1045.68,511.6,36.679999999999836,17.67999999999995,1,1,1.0
762,3,1047.02,474.2,34.690000000000055,33.620000000000005,1,1,1.0
763,1,1130.92,445.4,62.429999999999836,62.870000000000005,1,1,1.0
763,2,1046.08,510.98,36.680000000000064,17.68999999999994,1,1,1.0
763,3,1047.37,473.56,34.700000000000045,33.610000000000014,1,1,1.0
764,1,1131.29,444.81,62.430000000000064,62.870000000000005,1,1,1.0
764,2,1046.49,510.37,36.67000000000007,17.67999999999995,1,1,1.0
764,3,1047.73,472.92,34.690000000000055,33.60999999999996,1,1,1.0
765,1,1131.65,444.22,62.43999999999983,62.86999999999995,1,1,1.0
765,2,1046.89,509.76,36.669999999999845,17.680000000000064,1,1,1.0
765,3,1048.08,472.28,34.700000000000045,33.610000000000014,1,1,1.0
766,1,1132.02,443.63,62.430000000000064,62.860000000000014,1,1,1.0
766,2,1047.29,509.15,36.67000000000007,17.680000000000064,1,1,1.0
766,3,1048.44,471.64,34.690000000000055,33.610000000000014,1,1,1.0
767,1,1132.39,443.03,62.429999999999836,62.870000000000005,1,1,1.0
767,2,1047.69,508.54,36.669999999999845,17.680000000000007,1,1,1.0
767,3,1048.8,471.0,34.690000000000055,33.610000000000014,1,1,1.0
768,1,1132.75,442.44,62.430000000000064,62.870000000000005,1,1,1.0
768,2,1048.09,507.92,36.680000000000064,17.689999999999998,1,1,1.0
768,3,1049.15,470.35,34.68999999999983,33.620000000000005,1,1,1.0
769,1,1133.12,441.85,62.430000000000064,62.870000000000005,1,1,1.0
769,2,1048.49,507.31,36.680000000000064,17.680000000000007,1,1,1.0
769,3,1049.51,469.71,34.690000000000055,33.620000000000005,1,1,1.0
770,1,1133.48,441.26,62.440000000000055,62.860000000000014,1,1,1.0
770,2,1048.9,506.7,36.669999999999845,17.680000000000007,1,1,1.0
770,3,1049.86,469.07,34.690000000000055,33.620000000000005,1,1,1.0
771,1,1133.85,440.66,62.430000000000064,62.86999999999995,1,1,1.0
771,2,1049.3,506.09,36.67000000000007,17.680000000000007,1,1,1.0
771,3,1050.22,468.43,34.690000000000055,33.620000000000005,1,1,1.0
772,1,1134.22,440.07,62.430000000000064,62.870000000000005,1,1,1.0
772,2,1049.7,505.48,36.669999999999845,17.67999999999995,1,1,1.0
772,3,1050.57,467.79,34.690000000000055,33.620000000000005,1,1,1.0
773,1,1134.58,439.48,62.430000000000064,62.870000000000005,1,1,1.0
773,2,1050.1,504.86,36.67000000000007,17.67999999999995,1,1,1.0
773,3,1050.93,467.15,34.68999999999983,33.610000000000014,1,1,1.0
774,1,1134.95,438.89,62.430000000000064,62.860000000000014,1,1,1.0
774,2,1050.5,504.25,36.67000000000007,17.67999999999995,1,1,1.0
774,3,1051.28,466.51,34.690000000000055,33.610000000000014,1,1,1.0
775,1,1135.31,438.29,62.440000000000055,62.870000000000005,1,1,1.0
775,2,1050.9,503.64,36.679999999999836,17.680000000000064,1,1,1.0
775,3,1051.64,465.87,34.68999999999983,33.610000000000014,1,1,1.0
776,1,1135.68,437.7,62.429999999999836,62.870000000000005,1,1,1.0
776,2,1051.31,503.03,36.67000000000007,17.680000000000064,1,1,1.0
776,3,1051.99,465.23,34.700000000000045,33.60999999999996,1,1,1.0
777,1,1136.05,437.11,62.430000000000064,62.870000000000005,1,1,1.0
777,2,1051.71,502.41,36.67000000000007,17.689999999999998,1,1,1.0
777,3,1052.35,464.59,34.690000000000055,33.610000000000014,1,1,1.0
778,1,1136.41,436.52,62.429999999999836,62.860000000000014,1,1,1.0
778,2,1052.11,501.8,36.67000000000007,17.680000000000007,1,1,1.0
778,3,1052.7,463.94,34.700000000000045,33.620000000000005,1,1,1.0
779,1,1136.78,435.92,62.430000000000064,62.870000000000005,1,1,1.0
779,2,1052.51,501.19,36.67000000000007,17.680000000000007,1,1,1.0
779,3,1053.06,463.3,34.690000000000055,33.620000000000005,1,1,1.0
780,1,1137.14,435.33,62.43999999999983,62.870000000000005,1,1,1.0
780,2,1052.91,500.58,36.669999999999845,17.680000000000007,1,1,1.0
780,3,1053.42,462.66,34.68999999999983,33.61999999999995,1,1,1.0
781,1,1137.51,434.74,62.430000000000064,62.870000000000005,1,1,1.0
781,2,1053.31,499.97,36.680000000000064,17.67999999999995,1,1,1.0
781,3,1053.77,462.02,34.690000000000055,33.620000000000005,1,1,1.0
782,1,1137.88,434.15,62.429999999999836,62.860000000000014,1,1,1.0
782,2,1053.71,499.35,36.680000000000064,17.68999999999994,1,1,1.0
782,3,1054.13,461.38,34.68999999999983,33.620000000000005,1,1,1.0
783,1,1137.83,433.3,62.430000000000064,62.860000000000014,1,1,1.0
783,2,1053.63,498.54,36.679999999999836,17.680000000000007,1,1,1.0
783,3,1054.1,460.56,34.690000000000055,33.620000000000005,1,1,1.0
784,1,1137.78,432.44,62.430000000000064,62.870000000000005,1,1,1.0
784,2,1053.55,497.73,36.680000000000064,17.67999999999995,1,1,1.0
784,3,1054.07,459.75,34.700000000000045,33.610000000000014,1,1,1.0
785,1,1137.74,431.59,62.430000000000064,62.870000000000005,1,1,1.0
785,2,1053.47,496.92,36.680000000000064,17.680000000000007,1,1,1.0
785,3,1054.05,458.93,34.690000000000055,33.610000000000014,1,1,1.0
786,1,1137.69,430.74,62.429999999999836,62.870000000000005,1,1,1.0
786,2,1053.39,496.1,36.669999999999845,17.67999999999995,1,1,1.0
786,3,1054.02,458.11,34.690000000000055,33.620000000000005,1,1,1.0
787,1,1137.64,429.89,62.429999999999836,62.870000000000005,1,1,1.0
787,2,1053.31,495.29,36.67000000000007,17.680000000000007,1,1,1.0
787,3,1054.0,457.3,34.690000000000055,33.610000000000014,1,1,1.0
788,1,1137.59,429.04,62.430000000000064,62.870000000000005,1,1,1.0
788,2,1053.23,494.48,36.67000000000007,17.67999999999995,1,1,1.0
788,3,1053.97,456.48,34.690000000000055,33.60999999999996,1,1,1.0
789,1,1137.55,428.19,62.430000000000064,62.870000000000005,1,1,1.0
789,2,1053.15,493.66,36.669999999999845,17.689999999999998,1,1,1.0
789,3,1053.94,455.66,34.700000000000045,33.61999999999995,1,1,1.0
790,1,1137.5,427.34,62.430000000000064,62.870000000000005,1,1,1.0
790,2,1053.07,492.85,36.67000000000007,17.67999999999995,1,1,1.0
790,3,1053.92,454.85,34.68999999999983,33.60999999999996,1,1,1.0
791,1,1137.45,426.49,62.430000000000064,62.870000000000005,1,1,1.0
791,2,1052.99,492.04,36.67000000000007,17.680000000000007,1,1,1.0
791,3,1053.89,454.03,34.68999999999983,33.610000000000014,1,1,1.0
792,1,1137.4,425.64,62.43999999999983,62.870000000000005,1,1,1.0
792,2,1052.91,491.23,36.669999999999845,17.680000000000007,1,1,1.0
792,3,1053.87,453.21,34.690000000000055,33.620000000000005,1,1,1.0
793,1,1137.36,424.79,62.430000000000064,62.870000000000005,1,1,1.0
793,2,1052.83,490.41,36.67000000000007,17.67999999999995,1,1,1.0
793,3,1053.84,452.4,34.690000000000055,33.610000000000014,1,1,1.0
794,1,1137.31,423.94,62.430000000000064,62.870000000000005,1,1,1.0
794,2,1052.74,489.6,36.680000000000064,17.67999999999995,1,1,1.0
794,3,1053.81,451.58,34.690000000000055,33.610000000000014,1,1,1.0
795,1,1137.26,423.09,62.430000000000064,62.860000000000014,1,1,1.0
795,2,1052.66,488.79,36.679999999999836,17.680000000000007,1,1,1.0
795,3,1053.79,450.76,34.690000000000055,33.620000000000005,1,1,1.0
796,1,1137.22,422.24,62.430000000000064,62.860000000000014,1,1,1.0
796,2,1052.58,487.98,36.680000000000064,17.680000000000007,1,1,1.0
796,3,1053.76,449.94,34.690000000000055,33.620000000000005,1,1,1.0
797,1,1137.17,421.38,62.429999999999836,62.870000000000005,1,1,1.0
797,2,1052.5,487.16,36.67000000000007,17.67999999999995,1,1,1.0
797,3,1053.74,449.13,34.690000000000055,33.610000000000014,1,1,1.0
798,1,1137.12,420.53,62.430000000000064,62.870000000000005,1,1,1.0
798,2,1052.42,486.35,36.669999999999845,17.67999999999995,1,1,1.0
798,3,1053.71,448.31,34.690000000000055,33.620000000000005,1,1,1.0
799,1,1136.78,419.6,62.430000000000064,62.870000000000005,1,1,1.0
799,2,1052.0,485.45,36.67000000000007,17.680000000000007,1,1,1.0
799,3,1053.34,447.45,34.690000000000055,33.620000000000005,1,1,1.0
800,1,1136.43,418.66,62.429999999999836,62.86999999999995,1,1,1.0
800,2,1051.58,484.55,36.67000000000007,17.689999999999998,1,1,1.0
800,3,1052.98,446.59,34.690000000000055,33.620000000000005,1,1,1.0
801,1,1136.09,417.73,62.430000000000064,62.870000000000005,1,1,1.0
801,2,1051.16,483.66,36.669999999999845,17.67999999999995,1,1,1.0
801,3,1052.61,445.73,34.690000000000055,33.620000000000005,1,1,1.0
802,1,1135.74,416.79,62.430000000000064,62.870000000000005,1,1,1.0
802,2,1050.74,482.76,36.67000000000007,17.680000000000007,1,1,1.0
802,3,1052.25,444.87,34.690000000000055,33.620000000000005,1,1,1.0
803,1,1135.4,415.86,62.429999999999836,62.860000000000014,1,1,1.0
803,2,1050.32,481.86,36.67000000000007,17.680000000000007,1,1,1.0
803,3,1051.88,444.01,34.68999999999983,33.620000000000005,1,1,1.0
804,1,1135.05,414.92,62.440000000000055,62.870000000000005,1,1,1.0
804,2,1049.9,480.96,36.669999999999845,17.689999999999998,1,1,1.0
804,3,1051.51,443.15,34.700000000000045,33.620000000000005,1,1,1.0
805,1,1134.71,413.98,62.430000000000064,62.870000000000005,1,1,1.0
805,2,1049.48,480.07,36.67000000000007,17.680000000000007,1,1,1.0
805,3,1051.15,442.29,34.68999999999983,33.620000000000005,1,1,1.0
806,1,1134.37,413.05,62.430000000000064,62.870000000000005,1,1,1.0
806,2,1049.06,479.17,36.67000000000007,17.680000000000007,1,1,1.0
806,3,1050.78,441.44,34.690000000000055,33.610000000000014,1,1,1.0
807,1,1134.02,412.11,62.430000000000064,62.870000000000005,1,1,1.0
807,2,1048.64,478.27,36.669999999999845,17.680000000000007,1,1,1.0
807,3,1050.42,440.58,34.68999999999983,33.610000000000014,1,1,1.0
808,1,1133.68,411.18,62.429999999999836,62.870000000000005,1,1,1.0
808,2,1048.22,477.37,36.67000000000007,17.689999999999998,1,1,1.0
808,3,1050.05,439.72,34.690000000000055,33.60999999999996,1,1,1.0
809,1,1133.33,410.24,62.430000000000064,62.870000000000005,1,1,1.0
809,2,1047.79,476.48,36.680000000000064,17.680000000000007,1,1,1.0
809,3,1049.69,438.86,34.690000000000055,33.610000000000014,1,1,1.0
810,1,1132.99,409.31,62.430000000000064,62.860000000000014,1,1,1.0
810,2,1047.37,475.58,36.680000000000064,17.680000000000007,1,1,1.0
810,3,1049.32,438.0,34.690000000000055,33.610000000000014,1,1,1.0
811,1,1131.42,408.91,62.429999999999836,62.86999999999995,1,1,1.0
811,2,1045.89,475.21,36.669999999999845,17.680000000000007,1,1,1.0
811,3,1047.83,437.63,34.690000000000055,33.610000000000014,1,1,1.0
812,1,1129.85,408.52,62.430000000000064,62.870000000000005,1,1,1.0
812,2,1044.41,474.84,36.669999999999845,17.680000000000007,1,1,1.0
812,3,1046.34,437.25,34.690000000000055,33.620000000000005,1,1,1.0
813,1,1128.28,408.13,62.430000000000064,62.870000000000005,1,1,1.0
813,2,1042.93,474.47,36.669999999999845,17.67999999999995,1,1,1.0
813,3,1044.85,436.88,34.690000000000055,33.610000000000014,1,1,1.0
814,1,1126.71,407.74,62.430000000000064,62.860000000000014,1,1,1.0
814,2,1041.45,474.1,36.669999999999845,17.67999999999995,1,1,1.0
814,3,1043.36,436.51,34.690000000000055,33.610000000000014,1,1,1.0
815,1,1125.14,407.34,62.429999999999836,62.870000000000005,1,1,1.0
815,2,1039.96,473.73,36.680000000000064,17.680000000000007,1,1,1.0
815,3,1041.87,436.13,34.690000000000055,33.620000000000005,1,1,1.0
816,1,1123.57,406.95,62.430000000000064,62.870000000000005,1,1,1.0
816,2,1038.48,473.36,36.67000000000007,17.680000000000007,1,1,1.0
816,3,1040.38,435.76,34.69999999999982,33.610000000000014,1,1,1.0
817,1,1122.0,406.56,62.430000000000064,62.870000000000005,1,1,1.0
817,2,1037.0,472.99,36.67000000000007,17.689999999999998,1,1,1.0
817,3,1038.89,435.39,34.69999999999982,33.610000000000014,1,1,1.0
818,1,1120.43,406.17,62.429999999999836,62.870000000000005,1,1,1.0
818,2,1035.52,472.62,36.67000000000007,17.689999999999998,1,1,1.0
818,3,1037.41,435.01,34.68999999999983,33.620000000000005,1,1,1.0
819,1,1118.86,405.77,62.440000000000055,62.870000000000005,1,1,1.0
819,2,1034.04,472.26,36.67000000000007,17.680000000000007,1,1,1.0
819,3,1035.92,434.64,34.68999999999983,33.620000000000005,1,1,1.0
820,1,1117.29,405.38,62.440000000000055,62.870000000000005,1,1,1.0
820,2,1032.55,471.89,36.680000000000064,17.680000000000007,1,1,1.0
820,3,1034.43,434.27,34.68999999999983,33.610000000000014,1,1,1.0
821,1,1115.73,404.99,62.430000000000064,62.870000000000005,1,1,1.0
821,2,1031.07,471.52,36.67000000000007,17.680000000000007,1,1,1.0
821,3,1032.94,433.9,34.690000000000055,33.610000000000014,1,1,1.0
822,1,1114.16,404.6,62.429999999999836,62.870000000000005,1,1,1.0
822,2,1029.59,471.15,36.67000000000007,17.680000000000007,1,1,1.0
822,3,1031.45,433.52,34.690000000000055,33.620000000000005,1,1,1.0
823,1,1112.59,404.21,62.430000000000064,62.860000000000014,1,1,1.0
823,2,1028.11,470.78,36.67000000000007,17.680000000000007,1,1,1.0
823,3,1029.96,433.15,34.690000000000055,33.610000000000014,1,1,1.0
824,1,1111.02,403.81,62.430000000000064,62.870000000000005,1,1,1.0
824,2,1026.62,470.41,36.680000000000064,17.67999999999995,1,1,1.0
824,3,1028.47,432.78,34.690000000000055,33.610000000000014,1,1,1.0
825,1,1108.38,403.81,62.429999999999836,62.870000000000005,1,1,1.0
825,2,1024.17,470.42,36.669999999999845,17.680000000000007,1,1,1.0
825,3,1025.81,432.75,34.690000000000055,33.620000000000005,1,1,1.0
826,1,1105.74,403.81,62.430000000000064,62.860000000000014,1,1,1.0
826,2,1021.71,470.44,36.680000000000064,17.680000000000007,1,1,1.0
826,3,1023.15,432.73,34.68999999999994,33.60999999999996,1,1,1.0
827,1,1103.1,403.8,62.430000000000064,62.870000000000005,1,1,1.0
827,2,1019.26,470.45,36.67000000000007,17.680000000000007,1,1,1.0
827,3,1020.49,432.7,34.690000000000055,33.620000000000005,1,1,1.0
828,1,1100.46,403.8,62.430000000000064,62.870000000000005,1,1,1.0
828,2,1016.8,470.47,36.680000000000064,17.67999999999995,1,1,1.0
828,3,1017.83,432.68,34.68999999999994,33.620000000000005,1,1,1.0
829,1,1097.82,403.79,62.430000000000064,62.870000000000005,1,1,1.0
829,2,1014.35,470.48,36.66999999999996,17.680000000000007,1,1,1.0
829,3,1015.17,432.66,34.68999999999994,33.60999999999996,1,1,1.0
830,1,1093.69,404.37,62.429999999999836,62.870000000000005,1,1,1.0
830,2,1010.32,470.99,36.66999999999996,17.680000000000007,1,1,1.0
830,3,1011.1,433.13,34.68999999999994,33.620000000000005,1,1,1.0
831,1,1089.56,404.95,62.430000000000064,62.870000000000005,1,1,1.0
831,2,1006.29,471.5,36.67000000000007,17.680000000000007,1,1,1.0
831,3,1007.03,433.6,34.690000000000055,33.620000000000005,1,1,1.0
832,1,1085.43,405.53,62.429999999999836,62.860000000000014,1,1,1.0
832,2,1002.26,472.01,36.67000000000007,17.689999999999998,1,1,1.0
832,3,1002.96,434.08,34.690000000000055,33.610000000000014,1,1,1.0
833,1,1081.29,406.1,62.430000000000064,62.870000000000005,1,1,1.0
833,2,998.23,472.53,36.67000000000007,17.680000000000007,1,1,1.0
833,3,998.89,434.55,34.68999999999994,33.620000000000005,1,1,1.0
834,1,1077.16,406.68,62.429999999999836,62.870000000000005,1,1,1.0
834,2,994.2,473.04,36.669999999999845,17.680000000000007,1,1,1.0
834,3,994.82,435.02,34.68999999999994,33.620000000000005,1,1,1.0
835,1,1073.03,407.26,62.430000000000064,62.860000000000014,1,1,1.0
835,2,990.17,473.55,36.66999999999996,17.680000000000007,1,1,1.0
835,3,990.75,435.5,34.690000000000055,33.610000000000014,1,1,1.0
836,1,1068.9,407.83,62.429999999999836,62.870000000000005,1,1,1.0
836,2,986.14,474.06,36.66999999999996,17.680000000000007,1,1,1.0
836,3,986.68,435.97,34.690000000000055,33.61999999999995,1,1,1.0
837,1,1064.77,408.41,62.430000000000064,62.86999999999995,1,1,1.0
837,2,982.11,474.57,36.66999999999996,17.680000000000007,1,1,1.0
837,3,982.61,436.45,34.68999999999994,33.610000000000014,1,1,1.0
838,1,1060.63,408.99,62.429999999999836,62.860000000000014,1,1,1.0
838,2,978.08,475.08,36.66999999999996,17.689999999999998,1,1,1.0
838,3,978.54,436.92,34.690000000000055,33.60999999999996,1,1,1.0
839,1,1056.5,409.56,62.430000000000064,62.870000000000005,1,1,1.0
839,2,974.05,475.6,36.67000000000007,17.67999999999995,1,1,1.0
839,3,974.47,437.39,34.68999999999994,33.620000000000005,1,1,1.0
840,1,1052.37,410.14,62.430000000000064,62.870000000000005,1,1,1.0
840,2,970.02,476.11,36.67000000000007,17.680000000000007,1,1,1.0
840,3,970.4,437.87,34.690000000000055,33.610000000000014,1,1,1.0
841,1,1048.24,410.72,62.430000000000064,62.85999999999996,1,1,1.0
841,2,965.99,476.62,36.66999999999996,17.680000000000007,1,1,1.0
841,3,966.33,438.34,34.68999999999994,33.610000000000014,1,1,1.0
842,1,1045.87,411.7,62.440000000000055,62.870000000000005,1,1,1.0
842,2,963.48,477.64,36.67999999999995,17.680000000000007,1,1,1.0
842,3,963.97,439.35,34.68999999999994,33.60999999999996,1,1,1.0
843,1,1043.51,412.69,62.430000000000064,62.870000000000005,1,1,1.0
843,2,960.98,478.65,36.66999999999996,17.680000000000007,1,1,1.0
843,3,961.61,440.35,34.68999999999994,33.620000000000005,1,1,1.0
844,1,1041.15,413.68,62.429999999999836,62.860000000000014,1,1,1.0
844,2,958.48,479.67,36.66999999999996,17.680000000000007,1,1,1.0
844,3,959.25,441.36,34.690000000000055,33.620000000000005,1,1,1.0
845,1,1038.78,414.66,62.430000000000064,62.86999999999995,1,1,1.0
845,2,955.97,480.68,36.66999999999996,17.689999999999998,1,1,1.0
845,3,956.88,442.37,34.700000000000045,33.610000000000014,1,1,1.0
846,1,1036.42,415.65,62.429999999999836,62.870000000000005,1,1,1.0
846,2,953.47,481.7,36.66999999999996,17.680000000000007,1,1,1.0
846,3,954.52,443.37,34.700000000000045,33.620000000000005,1,1,1.0
847,1,1034.06,416.63,62.430000000000064,62.870000000000005,1,1,1.0
847,2,950.96,482.72,36.67999999999995,17.67999999999995,1,1,1.0
847,3,952.16,444.38,34.690000000000055,33.620000000000005,1,1,1.0
848,1,1031.69,417.62,62.429999999999836,62.870000000000005,1,1,1.0
848,2,948.46,483.73,36.66999999999996,17.680000000000007,1,1,1.0
848,3,949.8,445.39,34.690000000000055,33.610000000000014,1,1,1.0
849,1,1030.73,418.01,62.440000000000055,62.870000000000005,1,1,1.0
849,2,947.58,484.16,36.67999999999995,17.67999999999995,1,1,1.0
849,3,948.84,445.88,34.69999999999993,33.610000000000014,1,1,1.0
850,1,1029.78,418.41,62.430000000000064,62.86999999999995,1,1,1.0
850,2,946.71,484.58,36.66999999999996,17.680000000000007,1,1,1.0
850,3,947.89,446.37,34.690000000000055,33.610000000000014,1,1,1.0
851,1,1028.82,418.8,62.430000000000064,62.870000000000005,1,1,1.0
851,2,945.83,485.01,36.66999999999996,17.680000000000007,1,1,1.0
851,3,946.93,446.86,34.690000000000055,33.610000000000014,1,1,1.0
852,1,1027.86,419.2,62.430000000000064,62.870000000000005,1,1,1.0
852,2,944.95,485.43,36.67999999999995,17.680000000000007,1,1,1.0
852,3,945.98,447.35,34.68999999999994,33.60999999999996,1,1,1.0
853,1,1026.9,419.59,62.429999999999836,62.870000000000005,1,1,1.0
853,2,944.08,485.85,36.66999999999996,17.689999999999998,1,1,1.0
853,3,945.02,447.84,34.690000000000055,33.610000000000014,1,1,1.0
854,1,1025.94,419.99,62.429999999999836,62.870000000000005,1,1,1.0
854,2,943.2,486.28,36.66999999999996,17.680000000000007,1,1,1.0
854,3,944.06,448.33,34.700000000000045,33.610000000000014,1,1,1.0
855,1,1024.98,420.38,62.430000000000064,62.870000000000005,1,1,1.0
855,2,942.32,486.7,36.67999999999995,17.680000000000007,1,1,1.0
855,3,943.11,448.81,34.68999999999994,33.620000000000005,1,1,1.0
856,1,1024.02,420.78,62.430000000000064,62.870000000000005,1,1,1.0
856,2,941.45,487.13,36.66999999999996,17.680000000000007,1,1,1.0
856,3,942.15,449.3,34.690000000000055,33.620000000000005,1,1,1.0
857,1,1023.06,421.17,62.440000000000055,62.870000000000005,1,1,1.0
857,2,940.57,487.55,36.66999999999996,17.680000000000007,1,1,1.0
857,3,941.2,449.79,34.68999999999994,33.620000000000005,1,1,1.0
858,1,1021.87,421.02,62.42999999999995,62.870000000000005,1,1,1.0
858,2,939.4,487.32,36.67000000000007,17.680000000000007,1,1,1.0
858,3,940.0,449.55,34.690000000000055,33.610000000000014,1,1,1.0
859,1,1020.67,420.86,62.42999999999995,62.870000000000005,1,1,1.0
859,2,938.23,487.09,36.66999999999996,17.680000000000007,1,1,1.0
859,3,938.8,449.3,34.690000000000055,33.610000000000014,1,1,1.0
860,1,1019.47,420.71,62.430000000000064,62.870000000000005,1,1,1.0
860,2,937.05,486.86,36.680000000000064,17.680000000000007,1,1,1.0
860,3,937.6,449.05,34.69999999999993,33.620000000000005,1,1,1.0
861,1,1018.27,420.55,62.430000000000064,62.870000000000005,1,1,1.0
861,2,935.88,486.63,36.66999999999996,17.680000000000007,1,1,1.0
861,3,936.41,448.8,34.690000000000055,33.620000000000005,1,1,1.0
862,1,1017.07,420.4,62.42999999999995,62.870000000000005,1,1,1.0
862,2,934.71,486.4,36.66999999999996,17.680000000000007,1,1,1.0
862,3,935.21,448.56,34.68999999999994,33.610000000000014,1,1,1.0
863,1,1015.87,420.24,62.42999999999995,62.870000000000005,1,1,1.0
863,2,933.54,486.17,36.67000000000007,17.680000000000007,1,1,1.0
863,3,934.01,448.31,34.690000000000055,33.610000000000014,1,1,1.0
864,1,1014.67,420.09,62.42999999999995,62.870000000000005,1,1,1.0
864,2,932.37,485.93,36.66999999999996,17.689999999999998,1,1,1.0
864,3,932.81,448.06,34.700000000000045,33.610000000000014,1,1,1.0
865,1,1013.47,419.93,62.430000000000064,62.870000000000005,1,1,1.0
865,2,931.2,485.7,36.66999999999996,17.680000000000007,1,1,1.0
865,3,931.62,447.81,34.68999999999994,33.620000000000005,1,1,1.0
866,1,1012.27,419.78,62.440000000000055,62.870000000000005,1,1,1.0
866,2,930.02,485.47,36.680000000000064,17.67999999999995,1,1,1.0
866,3,930.42,447.56,34.690000000000055,33.620000000000005,1,1,1.0
867,1,1011.08,419.62,62.42999999999995,62.870000000000005,1,1,1.0
867,2,928.85,485.24,36.66999999999996,17.680000000000007,1,1,1.0
867,3,929.22,447.32,34.68999999999994,33.610000000000014,1,1,1.0
868,1,1009.88,419.47,62.42999999999995,62.86999999999995,1,1,1.0
868,2,927.68,485.01,36.67000000000007,17.680000000000007,1,1,1.0
868,3,928.03,447.07,34.690000000000055,33.610000000000014,1,1,1.0
869,1,1008.68,419.31,62.42999999999995,62.870000000000005,1,1,1.0
869,2,926.51,484.78,36.66999999999996,17.680000000000007,1,1,1.0
869,3,926.83,446.82,34.68999999999994,33.620000000000005,1,1,1.0
870,1,1007.48,419.16,62.430000000000064,62.86999999999995,1,1,1.0
870,2,925.34,484.55,36.66999999999996,17.680000000000007,1,1,1.0
870,3,925.63,446.57,34.690000000000055,33.620000000000005,1,1,1.0
871,1,1006.28,419.0,62.430000000000064,62.870000000000005,1,1,1.0
871,2,924.17,484.32,36.67000000000007,17.680000000000007,1,1,1.0
871,3,924.43,446.33,34.700000000000045,33.610000000000014,1,1,1.0
872,1,1005.08,418.85,62.42999999999995,62.870000000000005,1,1,1.0
872,2,922.99,484.09,36.67999999999995,17.680000000000007,1,1,1.0
872,3,923.24,446.08,34.68999999999994,33.610000000000014,1,1,1.0
873,1,1003.88,418.69,62.42999999999995,62.870000000000005,1,1,1.0
873,2,921.82,483.85,36.67999999999995,17.689999999999998,1,1,1.0
873,3,922.04,445.83,34.690000000000055,33.620000000000005,1,1,1.0
874,1,1002.68,418.54,62.42999999999995,62.870000000000005,1,1,1.0
874,2,920.65,483.62,36.67000000000007,17.680000000000007,1,1,1.0
874,3,920.84,445.58,34.68999999999994,33.620000000000005,1,1,1.0
875,1,1002.07,418.72,62.42999999999995,62.86999999999995,1,1,1.0
875,2,919.91,483.81,36.67000000000007,17.680000000000007,1,1,1.0
875,3,920.21,445.81,34.68999999999994,33.620000000000005,1,1,1.0
876,1,1001.45,418.9,62.430000000000064,62.860000000000014,1,1,1.0
876,2,919.17,483.99,36.67000000000007,17.689999999999998,1,1,1.0
876,3,919.57,446.04,34.68999999999994,33.620000000000005,1,1,1.0
877,1,1000.83,419.08,62.42999999999995,62.860000000000014,1,1,1.0
877,2,918.42,484.18,36.680000000000064,17.680000000000007,1,1,1.0
877,3,918.93,446.27,34.690000000000055,33.610000000000014,1,1,1.0
878,1,1000.21,419.25,62.440000000000055,62.870000000000005,1,1,1.0
878,2,917.68,484.37,36.67000000000007,17.680000000000007,1,1,1.0
878,3,918.29,446.5,34.700000000000045,33.610000000000014,1,1,1.0
879,1,999.6,419.43,62.42999999999995,62.870000000000005,1,1,1.0
879,2,916.94,484.55,36.66999999999996,17.680000000000007,1,1,1.0
879,3,917.66,446.73,34.690000000000055,33.60999999999996,1,1,1.0
880,1,998.98,419.61,62.430000000000064,62.870000000000005,1,1,1.0
880,2,916.2,484.74,36.66999999999996,17.680000000000007,1,1,1.0
880,3,917.02,446.96,34.690000000000055,33.610000000000014,1,1,1.0
881,1,998.36,419.79,62.42999999999995,62.870000000000005,1,1,1.0
881,2,915.45,484.92,36.67999999999995,17.680000000000007,1,1,1.0
881,3,916.38,447.19,34.700000000000045,33.610000000000014,1,1,1.0
882,1,997.75,419.97,62.430000000000064,62.86999999999995,1,1,1.0
882,2,914.71,485.11,36.66999999999996,17.680000000000007,1,1,1.0
882,3,915.75,447.41,34.690000000000055,33.61999999999995,1,1,1.0
883,1,997.13,420.15,62.42999999999995,62.870000000000005,1,1,1.0
883,2,913.97,485.29,36.66999999999996,17.680000000000007,1,1,1.0
883,3,915.11,447.64,34.68999999999994,33.620000000000005,1,1,1.0
884,1,996.51,420.33,62.430000000000064,62.870000000000005,1,1,1.0
884,2,913.23,485.48,36.66999999999996,17.680000000000007,1,1,1.0
884,3,914.47,447.87,34.69999999999993,33.620000000000005,1,1,1.0
885,1,995.89,420.51,62.43999999999994,62.860000000000014,1,1,1.0
885,2,912.48,485.66,36.67999999999995,17.689999999999998,1,1,1.0
885,3,913.84,448.1,34.68999999999994,33.620000000000005,1,1,1.0
886,1,995.28,420.69,62.430000000000064,62.860000000000014,1,1,1.0
886,2,911.74,485.85,36.67999999999995,17.67999999999995,1,1,1.0
886,3,913.2,448.33,34.68999999999994,33.620000000000005,1,1,1.0
887,1,994.66,420.86,62.42999999999995,62.870000000000005,1,1,1.0
887,2,911.0,486.04,36.66999999999996,17.680000000000007,1,1,1.0
887,3,912.56,448.56,34.700000000000045,33.610000000000014,1,1,1.0
888,1,994.04,421.04,62.430000000000064,62.870000000000005,1,1,1.0
888,2,910.26,486.22,36.66999999999996,17.67999999999995,1,1,1.0
888,3,911.93,448.79,34.690000000000055,33.60999999999996,1,1,1.0
889,1,993.43,421.22,62.42999999999995,62.86999999999995,1,1,1.0
889,2,909.52,486.41,36.67000000000007,17.67999999999995,1,1,1.0
889,3,911.29,449.02,34.690000000000055,33.610000000000014,1,1,1.0
890,1,992.81,421.4,62.430000000000064,62.870000000000005,1,1,1.0
890,2,908.77,486.59,36.680000000000064,17.680000000000007,1,1,1.0
890,3,910.65,449.25,34.700000000000045,33.610000000000014,1,1,1.0
891,1,992.19,421.58,62.429999999999836,62.870000000000005,1,1,1.0
891,2,908.03,486.78,36.67000000000007,17.680000000000007,1,1,1.0
891,3,910.02,449.48,34.690000000000055,33.60999999999996,1,1,1.0
892,1,991.57,421.76,62.43999999999994,62.870000000000005,1,1,1.0
892,2,907.29,486.96,36.67000000000007,17.680000000000007,1,1,1.0
892,3,909.38,449.7,34.690000000000055,33.620000000000005,1,1,1.0
893,1,990.64,421.62,62.42999999999995,62.870000000000005,1,1,1.0
893,2,906.5,486.83,36.66999999999996,17.680000000000007,1,1,1.0
893,3,908.56,449.52,34.690000000000055,33.620000000000005,1,1,1.0
894,1,989.7,421.48,62.430000000000064,62.870000000000005,1,1,1.0
894,2,905.71,486.7,36.67999999999995,17.680000000000007,1,1,1.0
894,3,907.74,449.34,34.68999999999994,33.620000000000005,1,1,1.0
895,1,988.77,421.34,62.430000000000064,62.870000000000005,1,1,1.0
895,2,904.92,486.56,36.680000000000064,17.689999999999998,1,1,1.0
895,3,906.92,449.16,34.700000000000045,33.61999999999995,1,1,1.0
896,1,987.83,421.2,62.42999999999995,62.870000000000005,1,1,1.0
896,2,904.14,486.43,36.66999999999996,17.680000000000007,1,1,1.0
896,3,906.1,448.98,34.69999999999993,33.620000000000005,1,1,1.0
897,1,986.9,421.06,62.42999999999995,62.870000000000005,1,1,1.0
897,2,903.35,486.3,36.66999999999996,17.680000000000007,1,1,1.0
897,3,905.29,448.8,34.690000000000055,33.620000000000005,1,1,1.0
898,1,985.96,420.92,62.430000000000064,62.870000000000005,1,1,1.0
898,2,902.56,486.16,36.67000000000007,17.689999999999998,1,1,1.0
898,3,904.47,448.62,34.68999999999994,33.610000000000014,1,1,1.0
899,1,985.02,420.78,62.430000000000064,62.870000000000005,1,1,1.0
899,2,901.77,486.03,36.680000000000064,17.680000000000007,1,1,1.0
899,3,903.65,448.44,34.690000000000055,33.610000000000014,1,1,1.0
900,1,984.09,420.64,62.42999999999995,62.870000000000005,1,1,1.0
900,2,900.98,485.9,36.67999999999995,17.680000000000007,1,1,1.0
900,3,902.83,448.26,34.68999999999994,33.610000000000014,1,1,1.0
901,1,983.15,420.5,62.42999999999995,62.870000000000005,1,1,1.0
901,2,900.2,485.76,36.66999999999996,17.689999999999998,1,1,1.0
901,3,902.01,448.08,34.690000000000055,33.610000000000014,1,1,1.0
902,1,982.22,420.36,62.430000000000064,62.870000000000005,1,1,1.0
902,2,899.41,485.63,36.67000000000007,17.680000000000007,1,1,1.0
902,3,901.19,447.9,34.68999999999994,33.610000000000014,1,1,1.0
903,1,981.95,418.97,62.440000000000055,62.86999999999995,1,1,1.0
903,2,898.94,484.28,36.67999999999995,17.680000000000007,1,1,1.0
903,3,900.71,446.53,34.68999999999994,33.610000000000014,1,1,1.0
904,1,981.69,417.59,62.429999999999836,62.860000000000014,1,1,1.0
904,2,898.48,482.93,36.66999999999996,17.680000000000007,1,1,1.0
904,3,900.22,445.16,34.68999999999994,33.61999999999995,1,1,1.0
905,1,981.43,416.2,62.42999999999995,62.860000000000014,1,1,1.0
905,2,898.01,481.58,36.680000000000064,17.680000000000007,1,1,1.0
905,3,899.74,443.8,34.68999999999994,33.610000000000014,1,1,1.0
906,1,981.17,414.81,62.42999999999995,62.870000000000005,1,1,1.0
906,2,897.55,480.23,36.67000000000007,17.680000000000007,1,1,1.0
906,3,899.25,442.43,34.690000000000055,33.620000000000005,1,1,1.0
907,1,980.91,413.42,62.42999999999995,62.870000000000005,1,1,1.0
907,2,897.08,478.88,36.67999999999995,17.680000000000007,1,1,1.0
907,3,898.76,441.06,34.700000000000045,33.620000000000005,1,1,1.0
908,1,980.64,412.03,62.43999999999994,62.870000000000005,1,1,1.0
908,2,896.62,477.53,36.66999999999996,17.680000000000007,1,1,1.0
908,3,898.28,439.7,34.690000000000055,33.610000000000014,1,1,1.0
909,1,980.38,410.64,62.42999999999995,62.870000000000005,1,1,1.0
909,2,896.16,476.18,36.67000000000007,17.680000000000007,1,1,1.0
909,3,897.79,438.33,34.690000000000055,33.620000000000005,1,1,1.0
910,1,980.26,403.68,62.430000000000064,62.870000000000005,1,1,1.0
910,2,895.9,469.26,36.67000000000007,17.680000000000007,1,1,1.0
910,3,897.59,431.4,34.68999999999994,33.610000000000014,1,1,1.0
911,1,980.14,396.73,62.42999999999995,62.870000000000005,1,1,1.0
911,2,895.64,462.34,36.66999999999996,17.689999999999998,1,1,1.0
911,3,897.38,424.46,34.690000000000055,33.620000000000005,1,1,1.0
912,1,980.02,389.77,62.430000000000064,62.870000000000005,1,1,1.0
912,2,895.38,455.43,36.67999999999995,17.680000000000007,1,1,1.0
912,3,897.18,417.53,34.690000000000055,33.610000000000014,1,1,1.0
913,1,979.89,382.81,62.43999999999994,62.870000000000005,1,1,1.0
913,2,895.13,448.51,36.66999999999996,17.680000000000007,1,1,1.0
913,3,896.97,410.59,34.68999999999994,33.620000000000005,1,1,1.0
914,1,979.77,371.55,62.430000000000064,62.870000000000005,1,1,1.0
914,2,895.07,437.3,36.67999999999995,17.680000000000007,1,1,1.0
914,3,896.77,399.42,34.690000000000055,33.620000000000005,1,1,1.0
915,1,979.65,360.28,62.42999999999995,62.870000000000005,1,1,1.0
915,2,895.02,426.09,36.67000000000007,17.680000000000007,1,1,1.0
915,3,896.56,388.25,34.690000000000055,33.620000000000005,1,1,1.0
916,1,979.53,349.02,62.430000000000064,62.860000000000014,1,1,1.0
916,2,894.97,414.88,36.66999999999996,17.680000000000007,1,1,1.0
916,3,896.35,377.08,34.69999999999993,33.620000000000005,1,1,1.0
917,1,979.41,337.75,62.42999999999995,62.870000000000005,1,1,1.0
917,2,894.91,403.67,36.680000000000064,17.680000000000007,1,1,1.0
917,3,896.15,365.91,34.690000000000055,33.61999999999995,1,1,1.0
918,1,979.28,322.48,62.440000000000055,62.870000000000005,1,1,1.0
918,2,894.5,387.73,36.66999999999996,17.680000000000007,1,1,1.0
918,3,895.94,350.37,34.69999999999993,33.620000000000005,1,1,1.0
